,id,date,tweet,hashtags,user_id,username,name,link,urls,nlikes,nretweets,nreplies
0,1307467854279704578,2020-09-20 05:23:22,FarmersтАЩ body to protest agri reform bills in US Nagar  https://t.co/qCx5jRtZ2R,[],30846824,TOICitiesNews,TOI Cities,https://twitter.com/TOICitiesNews/status/1307467854279704578,['http://toi.in/mArH4Z'],0,0,0
1,1307443097601703938,2020-09-20 03:45:00,"""There is no provision in the bill to force the farmers or aspects that would affect them,"" DMK Chief chief, MK Stalin said in a statement.   https://t.co/KBC4Bm9PpC",[],6509832,CNNnews18,News18,https://twitter.com/CNNnews18/status/1307443097601703938,['https://www.news18.com/news/politics/tamil-nadu-cm-throws-weight-behind-centre-on-farm-bills-accuses-dmk-of-doing-politics-2891405.html'],14,1,1
2,1307435547640565761,2020-09-20 03:15:00,"A 70-year-old farmer died after consuming some poisonous substance during a protest against the new farm Bills in Muktsar district of Punjab, police said on Saturday.  #KisanPolitics   https://t.co/Zpzum5BrKm",['kisanpolitics'],6509832,CNNnews18,News18,https://twitter.com/CNNnews18/status/1307435547640565761,['https://www.news18.com/news/india/under-debt-punjab-farmer-dies-by-suicide-during-anti-agri-bills-protest-kin-receive-rs-3-lakh-compensation-given-to-kin-2891435.html'],17,3,2
3,1307410813796274176,2020-09-20 01:36:43,"MSP to stay, new bills will only help farmers: Nadda  https://t.co/s9nu3PEhyY",[],1066972567943053312,HindustanTimes,Hindustan Times,https://twitter.com/HindustanTimes/status/1307410813796274176,['http://www.hindustantimes.com/cities/msp-to-stay-new-bills-will-only-help-farmers-nadda/story-uBGXBpzsTlWWbdGPkgGqyK.html'],0,0,0
4,1307396544602099712,2020-09-20 00:40:01,Why Did Harsimrat Badal Quit and Why Are Farmers So Opposed to the New Farm Bills?  https://t.co/SKzhfm1xAh via @YouTube,[],21014078,svaradarajan,Siddharth,https://twitter.com/svaradarajan/status/1307396544602099712,['https://youtu.be/4PMK3b_E8t4'],39,9,5
5,1307394328705163264,2020-09-20 00:31:12,"Such a Shameful words, Even after Resignation, @HarsimratBadal_ said I am not calling it ""anti-Farmers bills"", But Farmer's Calling it So. @thetribunechd @BhagwantMann @JagbaniOnline @bbcnewspunjabi  https://t.co/SnWuz8zCFd",[],278986098,komalbela,Komal Bela,https://twitter.com/komalbela/status/1307394328705163264,[],0,0,0
6,1307394290885115905,2020-09-20 00:31:03,"The #Haryana government urged the farmers to defer the agitation against the Centre's farm bills, and invited them for a discussion on the issue.   https://t.co/aMoKRlqpbz",['haryana'],256495314,firstpost,Firstpost,https://twitter.com/firstpost/status/1307394290885115905,['https://www.firstpost.com/india/haryana-bku-to-hold-statewide-protest-against-farm-bills-tomorrow-cm-khattar-appeals-to-defer-stir-8832971.html'],8,4,0
7,1307392401292562435,2020-09-20 00:23:33,"As sick and frustrating as this is, this is a sad reminder of what our patients face EVERY SINGLE DAY.   We provide the best care possible.   And then the bills arrive.   As an aside, it is very hard for small farmers to get any insurance. They may literally lose the farm.",[],4775584878,NoobieMatt,Matt Sztajnkrycer,https://twitter.com/NoobieMatt/status/1307392401292562435,[],9,2,1
8,1307390000049401857,2020-09-20 00:14:00,"It was supposed to unshackle farming in India; why are #Farmers then on a warpath with the Govt? Like #GST - #FarmBill was an idea whose time had come, but again, it's the way the Govt went about ramming the Bill - that resulted in this standoff. Watch -  https://t.co/lRgYtm2xkn  https://t.co/16O4pvwaDb","['farmers', 'gst', 'farmbill']",24338525,TheDeshBhakt,The DeshBhakt ЁЯЗоЁЯЗ│,https://twitter.com/TheDeshBhakt/status/1307390000049401857,['https://youtu.be/Zt6HBOqJvno'],1184,158,37
9,1307385037180907521,2020-09-19 23:54:17,#MSP рд░рд╣реЗрдЧрд╛ ... рд░рд╣реЗрдЧрд╛ред рдЗрд╕рдХреЛ рдкреНрд░рдзрд╛рдирдордВрддреНрд░реА @narendramodi рдХреЗ рд░рд╣рддреЗ рдХреЛрдИ рд╣рдЯрд╛ рдирд╣реА рд╕рдХрддрд╛ред  рдирдпрд╛ #farmersbill рддреЛ 1. рдЙрддреНрдкрд╛рджрдХрддрд╛ рдмрдврд╝рд╛рдПрдЧрд╛ред 2. рд░рд┐рд╕реНрдХ рдХреЛ рдХрд┐рд╕рд╛рдиреЛрдВ рдХреЗ рд╕рд┐рд░ рд╕реЗ рд╣рдЯрд╛рдПрдЧрд╛ред 3. рдлрд╕рд▓реЛрдВ рдХреЗ рдмреЗрдЪрдиреЗ рдХреА рд╕реНрд╡рддрдВрддреНрд░рддрд╛ рджреЗрдЧрд╛ред 4. рдмрд┐рдЪреМрд▓рд┐рдпреЛрдВ рдХреЛ рд╣рдЯрд╛рдПрдЧрд╛ред @blsanthosh   #IStandWithFarmersBill #AatmaNirbharKrishi  https://t.co/S0iXGe2a05,"['msp', 'farmersbill', 'istandwithfarmersbill', 'aatmanirbharkrishi']",353225707,SharmaKhemchand,khemchand sharma #Brajwasi #RadheRadhe,https://twitter.com/SharmaKhemchand/status/1307385037180907521,[],141,92,16
10,1307382699594641408,2020-09-19 23:45:00,"""There is no provision in the bill to force the farmers or aspects that would affect them,"" DMK Chief chief, MK Stalin said in a statement.   https://t.co/KBC4Bmrqha",[],6509832,CNNnews18,News18,https://twitter.com/CNNnews18/status/1307382699594641408,['https://www.news18.com/news/politics/tamil-nadu-cm-throws-weight-behind-centre-on-farm-bills-accuses-dmk-of-doing-politics-2891405.html'],42,7,2
11,1307379462690861056,2020-09-19 23:32:08,"рд╣рд░рд┐рдпрд╛рдгрд╛ рдХреЗ рд▓рд┐рдП #Sunday рдХрд╛ рджрд┐рди рдмрд╣реБрдд рдЕрд╣рдо рд╣реЛрдиреЗ рд╡рд╛рд▓рд╛ рд╣реИ, рд░рд╛рдЬрдиреАрддрд┐рдХ рдирдЬрд░рд┐рдП рдФрд░ рдХрд┐рд╕рд╛рди рдЖрдиреНрджреЛрд▓рди рджреЛрдиреЛрдВ рд╡рдЬрд╣реЛрдВ рд╕реЗред рдХрд┐рд╕рд╛рди рдпреВрдирд┐рдпрди рдХреЗ рдкреНрд░рджреЗрд╢ рдЕрдзреНрдпрдХреНрд╖ рдЧреБрд░рдирд╛рдо рд╕рд┐рдВрд╣ рдХреА рдЕрдЧреБрд╡рд╛рдИ рдореЗреЗрдВ рдХрд┐рд╕рд╛рди рд░рд╡рд┐рд╡рд╛рд░ рдХреЛ #Karnal рд╣рд╛рдЗрд╡реЗ рдкрд░ рдЪрдХреНрдХрд╛ рдЬрд╛рдо рдХрд░реЗрдВрдЧреЗред #AgricultureBill #Haryana #farmersbill  https://t.co/sF7CPHWR4q","['sunday', 'karnal', 'agriculturebill', 'haryana', 'farmersbill']",2473925244,AShukkla,Arvind Shukla,https://twitter.com/AShukkla/status/1307379462690861056,[],34,6,0
12,1307379008183529473,2020-09-19 23:30:20,рдЖрд╡рд╢реНрдпрдХ рд╡рд╕реНрддреБ рд╡рд┐рдзреЗрдпрдХ | #farmersbill  https://t.co/Ow5uyRhWzL,['farmersbill'],1276781082,DrNareshkr,Dr. Naresh kumar,https://twitter.com/DrNareshkr/status/1307379008183529473,[],10,1,0
13,1307378074179129344,2020-09-19 23:26:37,"Tomorrow Haryana State, with all its might, confronts farmers on declared #farmersbill agitation. Use of excessive force can fuel protests. Police must be rounding up theirs Ldrs tonite. But farmers will have sympathisers amongst the police. Not a day for road travel.",['farmersbill'],1401726968,ambkcsingh,K. C. Singh,https://twitter.com/ambkcsingh/status/1307378074179129344,[],231,63,5
14,1307377958504394753,2020-09-19 23:26:09,#Haryana рдЧрдЧрд╕реАрдирд╛ рдореЗрдВ рдХрд┐рд╕рд╛рди рдпреВрдирд┐рдпрди рдХреЗ рдкреНрд░рджреЗрд╢ рдЕрдзреНрдпрдХреНрд╖ рдЧреБрд░рдирд╛рдо рд╕рд┐рдВрд╣ рдХреА рдЬрдирд╕рднрд╛ рдореЗрдВ рд╢рдирд┐рд╡рд╛рд░ рдХреЛ рдЬреБрдЯреЗ рдХрд┐рд╕рд╛рди рд░рд╡рд┐рд╡рд╛рд░ рдХреЛ рдХрд░рдирд╛рд▓ рд╣рд╛рдИрд╡реЗ рдкрд░ рдХрд░реЗрдВрдЧреЗ рдЪрдХреНрдХрд╛ рдЬрд╛рдо #AgricultureBill #farmersbill  https://t.co/ttDQsfSyAd,"['haryana', 'agriculturebill', 'farmersbill']",421701259,GaonConnection,GaonConnection,https://twitter.com/GaonConnection/status/1307377958504394753,[],82,15,0
15,1307377958353383425,2020-09-19 23:26:09,"тАЬMany special aspects of these legislations would benefit the farmers of Tamil Nadu,"" said CM Edappadi K Palaniswami defending the three farm bills of the Central government, which were passed by the Lok Sabha. #farmersbill #AgricultureBill @xpresstn  https://t.co/vCfzeLpGtU","['farmersbill', 'agriculturebill']",94761188,NewIndianXpress,The New Indian Express,https://twitter.com/NewIndianXpress/status/1307377958353383425,['https://www.newindianexpress.com/states/tamil-nadu/2020/sep/19/eps-supports-farm-legislations-says-they-will-benefit-tamil-nadu-farmers-2199232.html'],21,6,1
16,1307377947137851394,2020-09-19 23:26:07,#Punjabi artistes oppose agri Bills; @AmmyVirk says being farmer's son he knows hardships  https://t.co/whoWMMBYkk #farmbills,"['punjabi', 'farmbills']",3046490198,thetribunechd,The Tribune,https://twitter.com/thetribunechd/status/1307377947137851394,['https://www.tribuneindia.com/news/punjab/punjabi-artistes-oppose-agri-bills-ammy-virk-says-being-farmers-son-he-knows-hardships-143481'],15,6,1
17,1307376807633514497,2020-09-19 23:21:35,"рдпрджрд┐ рдПрдХ рдЫреЛрдЯреЗ рдХрд┐рд╕рд╛рди рдХрд╛ рдЕрдВрдмрд╛рдиреА рдЬреИрд╕реЗ рдХрд╛рдВрдЯреНрд░реИрдХреНрдЯрд░ рд╕реЗ рдорддрднреЗрдж рд╣реЛрддрд╛ рд╣реИ рддреЛ рдХреНрдпрд╛ рдЙрд╕рдХреЗ рдЦрд┐рд▓рд╛рдл рдХреЛрд░реНрдЯ рдореЗрдВ рдЬреАрдд рдкрд╛рдПрдЧрд╛ ,рдпрд╛ рд╣рд░ рдХреЛрдИ рдХрд┐рд╕рд╛рди рдХреЛрд░реНрдЯ рдХреА рдлреАрд╕ рдФрд░ рд╡рдХреАрд▓ рдХрд░рдиреЗ рдХрд╛ рд╕рд╛рд╣рд╕ рдХрд░ рдкрд╛рдПрдЧрд╛ рдЕрд░реЗ рд╡рд┐рдзреЗрдпрдХ рдмрдирд╛рдиреЗ рд╕реЗ рдкрд╣рд▓реЗ рдХреБрдЫ рд╕реЛрдЪ рддреЛ рд▓рд┐рдпрд╛ рд╣реЛрддрд╛| #farmersbill #FarmersProtest @PMOIndia  https://t.co/DeIbcV5xpc","['farmersbill', 'farmersprotest']",1276781082,DrNareshkr,Dr. Naresh kumar,https://twitter.com/DrNareshkr/status/1307376807633514497,[],6,0,0
18,1307375973780709376,2020-09-19 23:18:16,рдкрдВрдЬрд╛рдм рдХреЗ рдореБрдЦреНрдпрдордВрддреНрд░реА рдХреИрдкреНрдЯрди рдЕрдорд░рд┐рдВрджрд░ рд╕рд┐рдВрд╣ рдХрд╛ рдХрд╣рдирд╛ рд╣реИ рдХрд┐ рдЕрдХрд╛рд▓реА рджрд▓ рдХреЛ рдЭреВрда рдмреЛрд▓рдирд╛ рдмрдВрдж рдХрд░рдирд╛ рдЪрд╛рд╣рд┐рдП. #farmersbill  https://t.co/suP7cxoKwa,['farmersbill'],42606652,aajtak,AajTak,https://twitter.com/aajtak/status/1307375973780709376,['https://www.aajtak.in/india/punjab/story/farmer-bills-amarinder-singh-congress-ampc-shiromani-akali-dal-modi-government-1132329-2020-09-19'],150,7,12
19,1307373889501057025,2020-09-19 23:09:59,Opposition in favour of middlemen who loot farmers: PM Modi in fresh pitch for farm bills  https://t.co/wLemqIJP59  via NaMo App  https://t.co/FUgNAG9KfP,[],3262830756,mpamreli,Naranbhai Kachhadiya,https://twitter.com/mpamreli/status/1307373889501057025,['https://www.hindustantimes.com/india-news/opposition-in-favour-of-middlemen-who-loot-farmers-says-pm-modi-in-fresh-pitch-for-farm-bills/story-qQjR8kDAmwfaLu1rWY1dTL.html'],1,0,0
0,1307270297918169088,2020-09-19 16:18:21,"#JUSTIN  ро╡ро┐ро╡роЪро╛ропроорпН родрпКроЯро░рпНрокро╛рой роорпВройрпНро▒рпБ роороЪрпЛродро╛роХрпНроХро│рпН роиро╛ро│рпИ родро╛роХрпНроХро▓рпН роЪрпЖропрпНропрокрпНрокроЯ роЙро│рпНро│ роиро┐ро▓рпИропро┐ро▓рпН, рокро╛ро░родро┐роп роЬройродро╛ рооро╛роиро┐ро▓роЩрпНроХро│ро╡рпИ роЙро▒рпБрокрпНрокро┐ройро░рпНроХро│рпН роЕройрпИро╡ро░рпБроорпН родро╡ро▒ро╛рооро▓рпН рокроЩрпНроХрпЗро▒рпНроХ роХрпКро▒роЯро╛ роЙродрпНродро░ро╡рпБ!  ро╡ро┐ро╡роЪро╛ропроорпН родрпКроЯро░рпНрокро╛рой роороЪрпЛродро╛роХрпНроХро│рпИ рооро╛роиро┐ро▓роЩрпНроХро│ро╡рпИропро┐ро▓рпН роиро┐ро▒рпИро╡рпЗро▒рпНро▒ роородрпНродро┐роп роЕро░роЪрпБ родрпАро╡ро┐ро░роорпН!  #BJP #EssentialCommoditiesAct","['justin', 'bjp', 'essentialcommoditiesact']",2691975211,news7tamil,News7 Tamil,https://twitter.com/news7tamil/status/1307270297918169088,[],23,3,2
1,1307251582992433153,2020-09-19 15:03:59,"рдХрд╛рдВрдЧреНрд░реЗрд╕ рдкрд╛рд░реНрдЯреА рдиреЗ рдЕрдкрдиреЗ рдШреЛрд╖рдгрд╛ рдкрддреНрд░ рдореЗрдВ рдХрд╣рд╛ рдерд╛ рдХрд┐ рд╣рдо APMC рд╕реЗ рдХрд┐рд╕рд╛рдиреЛрдВ рдХреЛ рдмрд╛рд╣рд░ рд▓рд╛рдПрдВрдЧреЗ, Essential commodities act рдХреЛ рдмрджрд▓ рдбрд╛рд▓реЗрдВрдЧреЗред  рдкреАрдПрдо рдореЛрджреА рдиреЗ рдХрд┐рд╕рд╛рдиреЛрдВ рдХреЛ рдЙрд╕рдХреА рдлрд╕рд▓ рдмреЗрдЪрдиреЗ рдХреА рдЖрдЬрд╛рджреА рджреА рд╣реИред  рдЬреЛ рд▓реЛрдЧ рдЗрд╕рдХрд╛ рд╡рд┐рд░реЛрдз рдХрд░ рд░рд╣реЗ рд╣реИрдВ, рд╡реЛ рдмрд┐рдЪреМрд▓рд┐рдпреЛрдВ рдХреА рднрд╛рд╖рд╛ рдмреЛрд▓ рд░рд╣реЗ рд╣реИрдВ, рдХрд┐рд╕рд╛рдиреЛрдВ рдХреА рдирд╣реАрдВ: рд╢реНрд░реА @jpnaddabjp  https://t.co/DDLscT4It9",[],1014421526324699137,MPRajeshVerma,Rajesh Verma,https://twitter.com/MPRajeshVerma/status/1307251582992433153,[],5,1,0
2,1307199427237408768,2020-09-19 11:36:44,"рдХрд╛рдВрдЧреНрд░реЗрд╕ рдкрд╛рд░реНрдЯреА рдиреЗ рдЕрдкрдиреЗ рдШреЛрд╖рдгрд╛ рдкрддреНрд░ рдореЗрдВ рдХрд╣рд╛ рдерд╛ рдХрд┐ рд╣рдо APMC рд╕реЗ рдХрд┐рд╕рд╛рдиреЛрдВ рдХреЛ рдмрд╛рд╣рд░ рд▓рд╛рдПрдВрдЧреЗ, Essential commodities act рдХреЛ рдмрджрд▓ рдбрд╛рд▓реЗрдВрдЧреЗред  рдкреАрдПрдо рдореЛрджреА рдиреЗ рдХрд┐рд╕рд╛рдиреЛрдВ рдХреЛ рдЙрд╕рдХреА рдлрд╕рд▓ рдмреЗрдЪрдиреЗ рдХреА рдЖрдЬрд╛рджреА рджреА рд╣реИред  рдЬреЛ рд▓реЛрдЧ рдЗрд╕рдХрд╛ рд╡рд┐рд░реЛрдз рдХрд░ рд░рд╣реЗ рд╣реИрдВ, рд╡реЛ рдмрд┐рдЪреМрд▓рд┐рдпреЛрдВ рдХреА рднрд╛рд╖рд╛ рдмреЛрд▓ рд░рд╣реЗ рд╣реИрдВ, рдХрд┐рд╕рд╛рдиреЛрдВ рдХреА рдирд╣реАрдВ: рд╢реНрд░реА @JPNadda",[],297229210,KrpandeyKumar,Manish Kumar Pandey,https://twitter.com/KrpandeyKumar/status/1307199427237408768,[],10,1,0
3,1307179751300239361,2020-09-19 10:18:33,"рдХрд╛рдВрдЧреНрд░реЗрд╕ рдиреЗ рдХрд╣рд╛ рдерд╛ рдХрд┐ рд╣рдо APMC рд╕реЗ рдХрд┐рд╕рд╛рдиреЛрдВ рдХреЛ рдмрд╛рд╣рд░ рд▓рд╛рдПрдВрдЧреЗ,Essential commodities act рдХреЛ рдмрджрд▓ рдбрд╛рд▓реЗрдВрдЧреЗред рдкреАрдПрдо рдореЛрджреА рдиреЗ рдХрд┐рд╕рд╛рдиреЛрдВ рдХреЛ рдЙрд╕рдХреА рдлрд╕рд▓ рдмреЗрдЪрдиреЗ рдХреА рдЖрдЬрд╛рджреА рджреА рд╣реИред рдЬреЛ рд▓реЛрдЧ рдЗрд╕рдХрд╛ рд╡рд┐рд░реЛрдз рдХрд░ рд░рд╣реЗ рд╣реИрдВ,рд╡реЛ рдмрд┐рдЪреМрд▓рд┐рдпреЛрдВ рдХреА рднрд╛рд╖рд╛ рдмреЛрд▓ рд░рд╣реЗ рд╣реИрдВ,рдХрд┐рд╕рд╛рдиреЛрдВ рдХреА рдирд╣реАрдВ: рд╢реНрд░реА @JPNadda   https://t.co/4C0IUr3DcY",[],776685723906895872,HarishD_BJP,Harish Dwivedi,https://twitter.com/HarishD_BJP/status/1307179751300239361,[],104,16,5
4,1307177709227786240,2020-09-19 10:10:26,"рдХрд╛рдВрдЧреНрд░реЗрд╕ рдиреЗ рдХрд╣рд╛ рдерд╛ рдХрд┐ рд╣рдо APMC рд╕реЗ рдХрд┐рд╕рд╛рдиреЛрдВ рдХреЛ рдмрд╛рд╣рд░ рд▓рд╛рдПрдВрдЧреЗ,Essential commodities act рдХреЛ рдмрджрд▓ рдбрд╛рд▓реЗрдВрдЧреЗред рдкреАрдПрдо рдореЛрджреА рдиреЗ рдХрд┐рд╕рд╛рдиреЛрдВ рдХреЛ рдЙрд╕рдХреА рдлрд╕рд▓ рдмреЗрдЪрдиреЗ рдХреА рдЖрдЬрд╛рджреА рджреА рд╣реИред рдЬреЛ рд▓реЛрдЧ рдЗрд╕рдХрд╛ рд╡рд┐рд░реЛрдз рдХрд░ рд░рд╣реЗ рд╣реИрдВ,рд╡реЛ рдмрд┐рдЪреМрд▓рд┐рдпреЛрдВ рдХреА рднрд╛рд╖рд╛ рдмреЛрд▓ рд░рд╣реЗ рд╣реИрдВ,рдХрд┐рд╕рд╛рдиреЛрдВ рдХреА рдирд╣реАрдВ: рд╢реНрд░реА @JPNadda  https://t.co/aIXYI7lTXu",[],85462891,TajinderBagga,Tajinder Pal Singh Bagga,https://twitter.com/TajinderBagga/status/1307177709227786240,[],914,236,12
5,1307163069257150465,2020-09-19 09:12:16,рдПрдХ рдмрд╛рд░ рдлрд┐рд░ @INCIndia рдФрд░ @RahulGandhi рдХрд╛ рджреЛрд╣рд░рд╛ рдЪрд░рд┐рддреНрд░ рд╕рд╛рдордиреЗ рдЖрдпрд╛ред  рдЕрдкрдиреЗ рдореИрдирд┐рдлрд╝реЗрд╕реНрдЯреЛ рдореЗрдВ рд▓рд┐рдЦрддреЗ рд╣реЛ рдХреА рд╣рдо #APMCAct рдФрд░ #EssentialCommoditiesAct рдореЗрдВ рд╕рдВрд╢реЛрдзрди рдХрд░реЗрдВрдЧреЗред  рдЕрдм рдЬрдм @narendramodi рдЬреА рдиреЗ рдХрд░рдХреЗ рджрд┐рдЦрд╛ рджрд┐рдпрд╛ рддреЛ рдЙрддрд░ рдЧрдП рд╡рд┐рд░реЛрдз рдХрд░рдиреЗред  рдЕрдкрдиреА рд░рд╛рдЬрдиреАрддрд┐ рдХреЗ рд▓рд┐рдП рдХрд┐рд╕рд╛рди рднрд╛рдЗрдпреЛ рдХрд╛ рдХреНрдпреЛ рдмрд░рдЧрд▓рд╛ рд░рд╣реЗ рд╣реЛ?  https://t.co/mUWeHzFgcd,"['apmcact', 'essentialcommoditiesact']",1722800118,HarishKhuranna,Harish Khurana,https://twitter.com/HarishKhuranna/status/1307163069257150465,[],34,18,6
0,1307461039567458304,2020-09-20 04:56:17,"рдЖрдЬ рд░рд╛рдЬреНрдпрд╕рднрд╛ рдореЗрдВ рдкреЗрд╢ рд╣реЛрдВрдЧреЗ рдХреГрд╖рд┐ рд╕реЗ рд╕рдВрдмрдВрдзрд┐рдд рддреАрдиреЛрдВ рд╡рд┐рдзреЗрдпрдХ, рд╕рд░рдХрд╛рд░ рдХреА рдЪреБрдиреМрддреА рдмрдврд╝реА  #RajyaSabha #AgricultureBills #NDA    https://t.co/5qqWsyfwfX","['rajyasabha', 'agriculturebills', 'nda']",169018518,AmarUjalaNews,Amar Ujala,https://twitter.com/AmarUjalaNews/status/1307461039567458304,['https://www.amarujala.com/india-news/central-government-will-introduce-all-three-agriculture-bills-today-in-rajya-sabha'],27,3,1
1,1307449640581652481,2020-09-20 04:11:00,Tamil Nadu CM E Palaniswamy defends 3 agriculture reform bills brought by Centre   https://t.co/t5oI4bFgZy,[],1056850669,airnewsalerts,All India Radio News,https://twitter.com/airnewsalerts/status/1307449640581652481,['http://newsonair.com/News?title=Tamil-Nadu-CM-E-Palaniswamy-defends-3-agriculture-reform-bills-brought-by-Centre&id=400272'],25,7,0
2,1307401575497969666,2020-09-20 01:00:00,"One of my first votes in Congress was to pass the 2018 Farm Bill, which delivered key wins for Ohio's agriculture sector тАФ the Buckeye State's top industry. That was just the beginning. I haven't stopped fighting for their needs and I'll keep fighting. #50Days50Results  https://t.co/vfCWt3KfT3",['50days50results'],603083228,Troy_Balderson,Troy Balderson,https://twitter.com/Troy_Balderson/status/1307401575497969666,[],6,2,4
3,1307401460972314624,2020-09-20 00:59:33,My take on Agriculture bills. @RahulGandhi @kharge @rssurjewala @INCKarnataka @Supriya23bh @Kisan_Congress  https://t.co/nDVrxXqEUr,[],2409295909,NasirHussainINC,"Dr Syed Naseer Hussain,MP Rajya Sabha",https://twitter.com/NasirHussainINC/status/1307401460972314624,[],40,18,4
4,1307377440310747136,2020-09-19 23:24:06,These 3 agriculture bills would not have any impact on the Minimum Support Price (MSP) mechanism which will continue.,[],318673863,AskAnshul,Anshul Saxena,https://twitter.com/AskAnshul/status/1307377440310747136,[],4016,525,37
5,1307373842206085120,2020-09-19 23:09:48,"Oppn trying to mislead farmers, says PM Modi amid row over agriculture bills  https://t.co/ktzVjtxxke  via NaMo App  https://t.co/uQi6kcBPUq",[],3262830756,mpamreli,Naranbhai Kachhadiya,https://twitter.com/mpamreli/status/1307373842206085120,['https://timesofindia.indiatimes.com/india/oppn-trying-to-mislead-farmers-says-pm-modi-amid-row-over-agriculture-bills/articleshow/78184518.cms'],0,0,0
6,1307373773780217858,2020-09-19 23:09:32,"PM Modi says new agriculture bill will raise farmersтАЩ income, productivity; help them get rid of brokers  https://t.co/3Db1u32NHZ  via NaMo App  https://t.co/BzBlI6ZiEP",[],3262830756,mpamreli,Naranbhai Kachhadiya,https://twitter.com/mpamreli/status/1307373773780217858,['https://www.financialexpress.com/economy/pm-modi-says-new-agriculture-bill-will-raise-farmers-income-productivity-help-them-get-rid-of-brokers/2086308/'],0,0,0
7,1307367226941427718,2020-09-19 22:43:31,Agriculture Bills: RSS рдХреА рддрд░рдл рд╕реЗ рдХреНрдпреЛрдВ рд╣реЛ рд░рд╣рд╛ рд╣реИ Modi рд╕рд░рдХрд╛рд░ рдХреЗ рдлреИрд╕рд▓реЗ рдХрд╛ рд╡рд┐рд░реЛрдз #AgricultureBill  https://t.co/D5cO1o9iTh,['agriculturebill'],894806464220372994,newstakofficial,News Tak,https://twitter.com/newstakofficial/status/1307367226941427718,[],1,0,0
8,1307360388858761218,2020-09-19 22:16:20,рдкреВрд░реНрд╡ рд╕рд╛рдВрд╕рдж рдкрдкреНрдкреВ рдпрд╛рджрд╡ рдиреЗ #AgricultureBills рдХрд╛ рд╡рд┐рд░реЛрдз рдХрд░рддреЗ рд╣реБрдП рдРрд▓рд╛рди рдХрд┐рдпрд╛ рдХрд┐ рдЗрд╕рдХреЗ рдЦрд┐рд▓рд╛рдл 20 рд╕рд┐рддрдВрдмрд░ рдХреЛ рдкрд╛рд░реНрдЯреА рд╕рднреА рдЬрд┐рд▓реЗ рдореЗрдВ #PMModi рдХрд╛ рдкреБрддрд▓рд╛ рдлреВрдВрдХреЗрдЧреАред рдЕрдЧрд▓реЗ рджрд┐рди 'рдкреЛрд▓ рдЦреЛрд▓' рдиреБрдХреНрдХрдбрд╝ рд╕рднрд╛ рдФрд░ 26 рд╕рд┐рддрдВрдмрд░ рдХреЛ рдорд╢рд╛рд▓ рдЬреБрд▓реВрд╕ рдирд┐рдХрд▓реЗрдЧрд╛ред рдЗрд╕рдХреЗ рдмрд╛рдж 27 рд╕рд┐рддрдВрдмрд░ рдХреЛ рдкреВрд░рд╛ рдмрд┐рд╣рд╛рд░ рдмрдВрдж рд░рд╣реЗрдЧрд╛ред  https://t.co/XWqKr0Qdot,"['agriculturebills', 'pmmodi']",884388810108182528,navjivanindia,Navjivan,https://twitter.com/navjivanindia/status/1307360388858761218,['https://www.navjivanindia.com/news/after-punjab-protest-of-agricultural-bills-intensifies-in-bihar-as-pappu-yadav-announces-bandh-on-27-september'],137,32,1
9,1307355378653360128,2020-09-19 21:56:26,@KamranShafi46 Sir a farmer who died by suicide over agriculture bills being passed by parliament which farmers say are detrimental to them.,[],145603832,manaman_chhina,Man Aman Singh Chhina,https://twitter.com/manaman_chhina/status/1307355378653360128,[],2,1,0
10,1307349827051610113,2020-09-19 21:34:22,Agriculture Bill: рдЪрд┐рджрдВрдмрд░рдо рдХреА рдорд╛рдВрдЧ-рд╣рд░ рдкрд╛рд░реНрдЯреА рддрдп рдХрд░реЗ рдХрд┐ рд╡реЛ рдХрд┐рд╕рд╛рдиреЛрдВ рдХреЗ рд╕рд╛рде рд╣реИрдВ рдпрд╛ рдмреАрдЬреЗрдкреА рдХреЗ  https://t.co/QDdXcpkGBh #PChidambaram #PChidambaramonAgricultureBill #FarmBills #PMModi #LokSabha,"['pchidambaram', 'pchidambaramonagriculturebill', 'farmbills', 'pmmodi', 'loksabha']",18186549,oneindiaHindi,Oneindia Hindi,https://twitter.com/oneindiaHindi/status/1307349827051610113,['https://bit.ly/2FM0ngd'],7,1,1
11,1307345816361689089,2020-09-19 21:18:26,"PM Modi says new agriculture bill will raise farmersтАЩ income, productivity; help them get rid of brokers  https://t.co/D9pSUSAGuH via NaMo App  https://t.co/aeQgem1hmy",[],714471009328304128,SatishGautamBJP,Satish Gautam,https://twitter.com/SatishGautamBJP/status/1307345816361689089,['https://www.financialexpress.com/economy/pm-modi-says-new-agriculture-bill-will-raise-farmers-income-productivity-help-them-get-rid-of-brokers/2086308/'],51,149,3
12,1307345165120495616,2020-09-19 21:15:51,"Oppn trying to mislead farmers, says PM Modi amid row over agriculture bills  https://t.co/LKiM58tmNO  via NaMo App  https://t.co/GLXm2u3J4Y",[],1495005122,sunilozabjp,Sunil Oza,https://twitter.com/sunilozabjp/status/1307345165120495616,['https://timesofindia.indiatimes.com/india/oppn-trying-to-mislead-farmers-says-pm-modi-amid-row-over-agriculture-bills/articleshow/78184518.cms'],6,4,0
13,1307345079493771270,2020-09-19 21:15:30,"PM Modi says new agriculture bill will raise farmersтАЩ income, productivity; help them get rid of brokers  https://t.co/ZSEzqtQyBs  via NaMo App  https://t.co/sfXtsmI8yi",[],1495005122,sunilozabjp,Sunil Oza,https://twitter.com/sunilozabjp/status/1307345079493771270,['https://www.financialexpress.com/economy/pm-modi-says-new-agriculture-bill-will-raise-farmers-income-productivity-help-them-get-rid-of-brokers/2086308/'],6,4,0
14,1307342408963645440,2020-09-19 21:04:54,AICC secretary Sudhir Sharma slams Centre over agriculture bills  https://t.co/v6hmLPu972,[],1066972567943053312,HindustanTimes,Hindustan Times,https://twitter.com/HindustanTimes/status/1307342408963645440,['http://www.hindustantimes.com/cities/aicc-secretary-sudhir-sharma-slams-govt-over-agriculture-bills/story-Y3VusoQwnMhfF64nxdTEfP.html'],0,0,0
15,1307326019624468482,2020-09-19 19:59:46,"I would want Kejriwal to point out which exact provision of new agriculture bills is giving advantages to corporates. All previous restrictions on farmers of having to sell their produce to specific places under set conditions will be removed now: Anil Vij, Haryana Home Minister  https://t.co/UbbrbqTSvA",[],355989081,ANI,ANI,https://twitter.com/ANI/status/1307326019624468482,[],845,158,25
16,1307322437558706178,2020-09-19 19:45:32,"#Punjab Chief Minister #AmarinderSingh (@capt_amarinder) on Saturday asked opposition #AkaliDal leaders - the Badal couple - 10 pointed and pertinent questions to nail the ""lies"" they have been allegedly perpetuating in the last few days to save face on the #AgricultureBills.  https://t.co/pcOIVM3tH4","['punjab', 'amarindersingh', 'akalidal', 'agriculturebills']",141584822,ians_india,IANS,https://twitter.com/ians_india/status/1307322437558706178,[],2,1,0
17,1307320541389271040,2020-09-19 19:38:00,родрооро┐ро┤роХ роЙро┤ро╡ро░рпНроХро│рпБроХрпНроХрпБ роиройрпНроорпИ рокропроХрпНроХрпБроорпН ро╡рпЗро│ро╛рогрпН ро╡ро┐ро│рпИрокрпКро░рпБроЯрпНроХро│рпН рооро▒рпНро▒рпБроорпН роЕродрпНродро┐ропро╛ро╡роЪро┐ропрокрпН рокрпКро░рпБроЯрпНроХро│рпН роЪроЯрпНроЯроЩрпНроХро│рпИ рооро╛рогрпНрокрпБрооро┐роХрпБ роОродро┐ро░рпНроХрпНроХроЯрпНроЪро┐родрпН родро▓рпИро╡ро░рпН роЕро░роЪро┐ропро▓ро╛роХрпНроХрпБроХро┐ро▒ро╛ро░рпН!   - рооро╛рогрпНрокрпБрооро┐роХрпБ родрооро┐ро┤роХроорпБродро▓рпНро╡ро░рпН @CMOTamilNadu роЕро╡ро░рпНроХро│рпН ро╡ро┐ро│роХрпНроХрооро╛рой роЕро▒ро┐роХрпНроХрпИ!  #TNGovt #AgricultureBills  https://t.co/UXk5QmX5j2,"['tngovt', 'agriculturebills']",923849866861715456,AIADMKITWINGOFL,AIADMK IT WING,https://twitter.com/AIADMKITWINGOFL/status/1307320541389271040,[],91,49,2
18,1307316748551467009,2020-09-19 19:22:56,"тАв PM Shri @narendramodi Ji says new agriculture bill will raise farmersтАЩ income, productivity; help them get rid of brokers. #JaiKisan  https://t.co/1wlFaag7hK",['jaikisan'],1207273007263039491,PSabariya_MLA,Parshottam Sabariya,https://twitter.com/PSabariya_MLA/status/1307316748551467009,['https://www.financialexpress.com/economy/pm-modi-says-new-agriculture-bill-will-raise-farmers-income-productivity-help-them-get-rid-of-brokers/2086308/'],13,9,0
19,1307311162418053121,2020-09-19 19:00:44,"#BIGNEWS: Farmers from Rohtak, Haryana take out rally in support of #AgricultureBills  https://t.co/FCABBYMtzA","['bignews', 'agriculturebills']",633485882,News9Tweets,News9,https://twitter.com/News9Tweets/status/1307311162418053121,[],4,1,0
20,1307310344348475392,2020-09-19 18:57:29,Farmers took out a rally in support of the #AgricultureBills in Haryana's Rohtak earlier today (ANI)  https://t.co/wdrTg9bGVY,['agriculturebills'],37034483,ndtv,NDTV,https://twitter.com/ndtv/status/1307310344348475392,[],171,16,7
21,1307309794655498240,2020-09-19 18:55:18,#BREAKING | 'ро╡ро┐ро╡роЪро╛ропро┐ роЖроХро┐роп роиро╛ройрпН роиройрпНроХрпБ роЙрогро░рпНроирпНродродро╛ро▓рпН родро╛ройрпН роородрпНродро┐роп роЕро░роЪро┐ройрпН ро╡рпЗро│ро╛рогрпН родро┐ро░рпБродрпНрод роЪроЯрпНроЯроЩрпНроХро│рпБроХрпНроХрпБ роОродро┐ро░рпНрокрпНрокрпБ родрпЖро░ро┐ро╡ро┐роХрпНроХро╡ро┐ро▓рпНро▓рпИ!'   - роорпБродро▓рпНро╡ро░рпН рокро┤ройро┐роЪро╛рооро┐ ро╡ро┐ро│роХрпНроХроорпН   https://t.co/5wMBD3FLqB @CMOTamilNadu #Farmers @mkstalin #AgricultureBills #FarmersBill  https://t.co/1Zdkdy95PM,"['breaking', 'farmers', 'agriculturebills', 'farmersbill']",2691975211,news7tamil,News7 Tamil,https://twitter.com/news7tamil/status/1307309794655498240,['http://www.ns7.tv'],46,6,11
22,1307308362124554243,2020-09-19 18:49:36,"Haryana: Farmers took out a rally in support of the #AgricultureBills, in Rohtak earlier today.  https://t.co/6XxZM9ZVWi",['agriculturebills'],355989081,ANI,ANI,https://twitter.com/ANI/status/1307308362124554243,[],8765,1751,128
23,1307307859416211456,2020-09-19 18:47:36,ро╡рпЗро│ро╛рогрпН роороЪрпЛродро╛ ро╡ро┐ро╡роЪро╛ропро┐роХро│рпИ рокро╛родро┐роХрпНроХро╛родрпБ - роорпБродро▓рпНро╡ро░рпН рокро┤ройро┐роЪро╛рооро┐  роЗродройро╛ро▓рпН ро╡ро┐ро╡роЪро╛ропродрпНродро┐ро▒рпНроХрпБ роЪро┐роХрпНроХро▓рпН роЗро▓рпНро▓рпИ    ро╡ро┐ро╡роЪро╛ропро┐роХро│рпИ рокро╛родро┐роХрпНроХрпБроорпН роОроирпНрод роЕроорпНроЪроЩрпНроХро│рпБроорпН ро╡рпЗро│ро╛рогрпН роороЪрпЛродро╛ро╡ро┐ро▓рпН роЗро▓рпНро▓рпИ   роороХрпНроХро│ро╡рпИропро┐ро▓рпН роиро┐ро▒рпИро╡рпЗро▒ро┐ роЙро│рпНро│ ро╡ро┐ро╡роЪро╛роп роЪроЯрпНроЯроЩрпНроХро│ро╛ро▓рпН роороХрпНроХро│рпН роиро▓ройрпН роЕроЯрпИро╡ро╛ро░рпНроХро│ро╛   #AgricultureBills #EdappadiPalaniswami #Tamilnadu,"['agriculturebills', 'edappadipalaniswami', 'tamilnadu']",18185798,thatsTamil,Oneindia Tamil,https://twitter.com/thatsTamil/status/1307307859416211456,[],12,2,1
24,1307305995417186307,2020-09-19 18:40:12,#BIGNEWS: Communist Party of India members stage protest at Thangachimadam Island in Rameswaram against the passage of agriculture reform bills in the Lok Sabha. #AgricultureBill  https://t.co/bXLAu7YtwE,"['bignews', 'agriculturebill']",633485882,News9Tweets,News9,https://twitter.com/News9Tweets/status/1307305995417186307,[],2,1,0
25,1307303585214992385,2020-09-19 18:30:37,"Two slightly differing views on the agricultural reform bills - ""Making #agricultural reforms successful"" by Prof. CSC Sekhar:  https://t.co/VHg2IrohUJ &amp; ""Hardly the 1991 moment for #agriculture"" by Prof. Himanshu:  https://t.co/x0FzUj12Y0. @the_hindu edit:  https://t.co/g5n3AsoDFv","['agricultural', 'agriculture']",15307415,vrsrini,Srinivasan Ramani,https://twitter.com/vrsrini/status/1307303585214992385,"['https://www.thehindu.com/opinion/lead/making-agricultural-market-reforms-successful/article32451273.ece', 'https://www.thehindu.com/opinion/op-ed/hardly-the-1991-moment-for-agriculture/article31665952.ece', 'https://www.thehindu.com/opinion/editorial/market-failure-the-hindu-editorial-on-agriculture-sector-reforms/article32644289.ece']",2,0,0
26,1307302106609496067,2020-09-19 18:24:45,Tamil Nadu: Workers of Communist Party of India (Marxist) held a protest at Thangachimadam Island in Rameswaram today against the passage of agriculture reform bills in the Lok Sabha.  https://t.co/EeeTJZQQOq,[],355989081,ANI,ANI,https://twitter.com/ANI/status/1307302106609496067,[],186,22,22
27,1307301103013306368,2020-09-19 18:20:46,TRS to oppose Bills on agriculture in Rajya Sabha  https://t.co/yBu80eR8pi,[],29958928,TOIIndiaNews,TOI India,https://twitter.com/TOIIndiaNews/status/1307301103013306368,['http://toi.in/m8zvpa90'],14,1,2
28,1307297765249040385,2020-09-19 18:07:30,"р░Хр▒Зр░Вр░жр▒Нр░░р░╛р░ир░┐р░Хр░┐ р░╡р▒Нр░пр░др░┐р░░р▒Зр░Хр░Вр░Чр░╛ р░жр▒Зр░╢р░╡р▒Нр░пр░╛р░кр▒Нр░др░Вр░Чр░╛ р░Жр░Вр░жр▒Лр░│р░ир░▓р▒Б ,Farmers Protest against to Agriculture Bills  Watch Video&gt;&gt; https://t.co/OpNaZcxdGI  #NTVTelugu #NTVNews #NewsOnline","['ntvtelugu', 'ntvnews', 'newsonline']",2765853637,NtvTeluguLive,NTV Telugu,https://twitter.com/NtvTeluguLive/status/1307297765249040385,['https://www.youtube.com/watch?v=1dtk6CQ59CE'],7,3,0
29,1307297604179357696,2020-09-19 18:06:51,"Agriculture bills: BJP giving control of farmersтАЩ lives to private players, says Shiv Sena   https://t.co/LNzhWPqPLA",[],414946220,scroll_in,scroll.in,https://twitter.com/scroll_in/status/1307297604179357696,['https://scroll.in/latest/973536/agriculture-bills-bjp-giving-control-of-farmers-lives-to-private-players-says-shiv-sena'],206,66,2
30,1307295521598398464,2020-09-19 17:58:35,"PM Modi says new agriculture bill will raise farmersтАЩ income, productivity; help them get rid of brokers  https://t.co/OOwT6CV3rn  via NaMo App  https://t.co/KqOx2cZQdK",[],1856414335,Gen_VKSingh,General Vijay Kumar Singh,https://twitter.com/Gen_VKSingh/status/1307295521598398464,['https://www.financialexpress.com/economy/pm-modi-says-new-agriculture-bill-will-raise-farmers-income-productivity-help-them-get-rid-of-brokers/2086308/'],126,19,9
31,1307294890242449408,2020-09-19 17:56:04,No talks with Centre till new agriculture bills are taken back: Sukhbir Singh Badal | Catch the day's #news #updates:  https://t.co/YKmxcS7RPS  https://t.co/Fd8vqGNHOH,"['news', 'updates']",39743812,EconomicTimes,Economic Times,https://twitter.com/EconomicTimes/status/1307294890242449408,['https://bit.ly/3mAQfb1'],16,0,0
32,1307294607684767744,2020-09-19 17:54:57,".....The cabinet minister termed the bills anti-farmer and said that these bills would pose a major threat to the people connected agriculture, directly or indirectly........(2)",[],2998200620,PunjabGovtIndia,Government of Punjab,https://twitter.com/PunjabGovtIndia/status/1307294607684767744,[],13,2,2
33,1307294605398876160,2020-09-19 17:54:56,"School Education and Public Works Minister, Punjab, Mr. @VijayIndrSingla, lashed out at central government for deceiving people by passing three bills stating agriculture reforms as these bills will break the backbone of Punjab which is the food basket of India......(1)",[],2998200620,PunjabGovtIndia,Government of Punjab,https://twitter.com/PunjabGovtIndia/status/1307294605398876160,[],25,6,3
34,1307288379021815808,2020-09-19 17:30:12,How is the FarmersтАЩ Produce Bill going to affect the functioning of mandis? Rajasthan Agriculture Minister tells us:  https://t.co/N5couHxXcY,[],20751449,the_hindu,The Hindu,https://twitter.com/the_hindu/status/1307288379021815808,['https://trib.al/TjDmcPP'],51,13,3
35,1307286485108842497,2020-09-19 17:22:40,"A 70-year-old farmer from Punjab has committed suicide during the protests against newly passed agriculture bills. Meanwhile, opposition leaders have threatened to intensify protests demanding to revoke the bills. #AgricultureBills #PunjabFarmersProtest   https://t.co/gtgYea8Lr9","['agriculturebills', 'punjabfarmersprotest']",633485882,News9Tweets,News9,https://twitter.com/News9Tweets/status/1307286485108842497,['https://youtu.be/FvUkp0b9XK8'],1,0,1
36,1307281867574398977,2020-09-19 17:04:20,"Agriculture Reform Bills: TRS to Vote Against Centre's Farm Legislations in Rajya Sabha, Confirms K Chandrasekhar Rao | Read full report #AgricultureBills @trspartyonline #FarmBills   https://t.co/JuvZiWvgxo","['agriculturebills', 'farmbills']",828841083257778176,latestly,LatestLY,https://twitter.com/latestly/status/1307281867574398977,['https://www.latestly.com/india/politics/agriculture-reform-bills-trs-to-vote-against-centres-farm-legislations-in-rajya-sabha-confirms-k-chandrasekhar-rao-2037468.html'],14,6,0
37,1307281793230319616,2020-09-19 17:04:02,"PM Modi says new agriculture bill will raise farmersтАЩ income, productivity; help them get rid of brokers  https://t.co/3V2qI8Iok8  via NaMo App  https://t.co/pckYURngAU",[],765535468104585217,CMOGuj,CMO Gujarat,https://twitter.com/CMOGuj/status/1307281793230319616,['https://www.financialexpress.com/economy/pm-modi-says-new-agriculture-bill-will-raise-farmers-income-productivity-help-them-get-rid-of-brokers/2086308/'],231,70,15
38,1307281777740767232,2020-09-19 17:03:58,"PM Modi says new agriculture bill will raise farmersтАЩ income, productivity; help them get rid of brokers  https://t.co/CoTRjqPuXO  via NaMo App  https://t.co/AgSAMdb6uK",[],2537171173,LalluSinghBJP,Lallu Singh,https://twitter.com/LalluSinghBJP/status/1307281777740767232,['https://www.financialexpress.com/economy/pm-modi-says-new-agriculture-bill-will-raise-farmers-income-productivity-help-them-get-rid-of-brokers/2086308/'],14,4,0
39,1307281375486070784,2020-09-19 17:02:22,"#Telangana CM #KCR instructs MPs to oppose/vote against the agriculture bills in the Parliament.  CM says the bills would benefit the Corporates and adversely impact the farmers, also cause huge losses to the agricultural sector. #Hyderabad #TRS #AgricultureBill","['telangana', 'kcr', 'hyderabad', 'trs', 'agriculturebill']",2237459754,RishikaSadam,Rishika Sadam,https://twitter.com/RishikaSadam/status/1307281375486070784,[],50,4,3
1,1307364754860601346,2020-09-19 22:33:41,"рдореЛрджреА рдЬреА рдиреЗ рдХрд┐рд╕рд╛рдиреЛрдВ рд╕реЗ рд╡реЛрдЯ рддреЛ рд▓рд┐рдпрд╛ рд▓реЗрдХрд┐рди рдЕрд╣рд╕рд╛рди рдХреЙрд░рдкреЛрд░реЗрдЯ рдШрд░рд╛рдиреЛрдВ рдХреЗ рдЪреБрдХрд╛ рд░рд╣реЗ рд╣реИрдВ, рдпреЗ рддреАрди рдХрд╛рд▓реЗ рдЕрдзреНрдпрд╛рджреЗрд╢ рдХрд┐рд╕рд╛рдиреЛрдВ рдХреЗ рд▓рд┐рдП рдирд╣реАрдВ рдкреВрдВрдЬреАрдкрддрд┐рдпреЛрдВ рдХреЗ рд▓рд┐рдП рд▓реЗрдХрд░ рдЖрдП рд╣реИрдВ #FarmBills #FarmersProtest","['farmbills', 'farmersprotest']",1543932314,Devendra_1925,Devendra Yadav,https://twitter.com/Devendra_1925/status/1307364754860601346,[],158,59,8
2,1307353343518408707,2020-09-19 21:48:21,рдХреГрд╖рд┐ рдЙрдкрдЬ рд╡реНрдпрд╛рдкрд╛рд░ рдПрд╡рдВ рд╡рд╛рдгрд┐рдЬреНрдп рд╡рд┐рдзреЗрдпрдХ (2/2) #farmersbill #FarmersProtest @BJP4India  https://t.co/VZcEBPHJLR,"['farmersbill', 'farmersprotest']",1276781082,DrNareshkr,Dr. Naresh kumar,https://twitter.com/DrNareshkr/status/1307353343518408707,[],6,2,0
3,1307352681254584320,2020-09-19 21:45:43,"рдХреГрд╖рд┐ рдЙрдкрдЬ рд╡реНрдпрд╛рдкрд╛рд░ рдПрд╡рдВ рд╡рд╛рдгрд┐рдЬреНрдп рд╡рд┐рдзреЗрдпрдХ рдЖрдиреЗ рд╕реЗ рдЕрдВрдмрд╛рдиреА ,рдЕрджрд╛рдиреА рдИрд╕реНрдЯ рдЗрдВрдбрд┐рдпрд╛ рдХрдВрдкрдиреА рдХреЗ рддрд╣рдд рдХрд╛рдо рдХрд░рдХреЗ рдордЬрдмреВрд░ рдХрд┐рд╕рд╛рди рдХреА рдЙрдкрдЬ рдФрдиреЗ рдкреМрдиреЗ рджрд╛рдореЛрдВ рдореЗрдВ рдЦрд░реАрдж рд▓реЗрдВрдЧреЗ | рдФрд░ рдЙрд╕рдХрд╛ рднрдВрдбрд╛рд░рдг рдХрд░рдХреЗ рдорд╣рдВрдЧреЗ рджрд╛рдореЛрдВ рдореЗрдВ рдмреЗрдЪреЗрдВрдЧреЗ | #FarmersProtest #farmersbill @BJPindia__  https://t.co/YBDN9E9Szq","['farmersprotest', 'farmersbill']",1276781082,DrNareshkr,Dr. Naresh kumar,https://twitter.com/DrNareshkr/status/1307352681254584320,[],13,1,0
4,1307340350978052096,2020-09-19 20:56:43,рдХреЗрдВрджреНрд░ рд╕рд░рдХрд╛рд░ рджреНрд╡рд╛рд░рд╛ рд▓рд╛рдП рдЧрдП рдХреГрд╖рд┐ рд╕реЗ рдЬреБрдбрд╝реЗ рдмрд┐рд▓реЛрдВ рдХреЗ рдореБрджреНрджреЗ рдкрд░ рд╕рдВрд╕рдж рдореЗрдВ рд╕рд░рдХрд╛рд░ рдХреЛ рдШреЗрд░рдиреЗ рдХреЗ рдмрд╛рдж рдХрд╛рдВрдЧреНрд░реЗрд╕ рдЕрдм рджреЗрд╢рд╡реНрдпрд╛рдкреА рдЖрдВрджреЛрд▓рди рдХреА рд░рдгрдиреАрддрд┐ рдмрдирд╛ рд░рд╣реА рд╣реИ.   рдЬреИрдиреЗрдВрджреНрд░ рдХреБрдорд╛рд░ (@jainendrakumar) рдХреА рд░рд┐рдкреЛрд░реНрдЯ   #FarmersProtest  #Congress   https://t.co/hEJGnYm023,"['farmersprotest', 'congress']",39240673,ABPNews,ABP News,https://twitter.com/ABPNews/status/1307340350978052096,['https://www.abplive.com/news/india/congress-prepares-for-nationwide-agitation-against-agricultural-bills-big-meeting-convened-on-monday-ann-1569877'],231,22,44
5,1307337749863608320,2020-09-19 20:46:23,The biggest worry of the #farmers is that the government may slowly discontinue the system of Minimum Support Price (MSP) #farmersbill #FarmersProtest    https://t.co/k4vjbSRhtw,"['farmers', 'farmersbill', 'farmersprotest']",631810714,CNBCTV18News,CNBC-TV18,https://twitter.com/CNBCTV18News/status/1307337749863608320,['https://www.cnbctv18.com/agriculture/farm-bills-discussion-farmers-worried-of-msp-withdrawal-govt-needs-to-allay-fears-6957431.htm'],10,5,0
6,1307335687998337024,2020-09-19 20:38:11,рд╕рдВрдШрдкрд░рд┐рд╡рд╛рд░рд╛рддреАрд▓ рд╕рдВрдШрдЯрдирд╛ рднрд╛рд░рддреАрдп рдХрд┐рд╕рд╛рди рджрд▓рдиреЗ рдпрд╛ рд╡рд┐рдзреЗрдпрдХрд╛рдВрдирд╛ рд╡рд┐рд░реЛрдз рджрд░реНрд╢рд╡рд▓ рдЖрд╣реЗ. рддрд╕реЗрдЪ рдпрд╛ рд╡рд┐рдзреЗрдпрдХрд╛рдореБрд│реЗ рдлрдХреНрдд рдЙрджреНрдпреЛрдЧрдкрддреАрдВрдЪрд╛ рдлрд╛рдпрджрд╛ рд╣реЛрдгрд╛рд░ рдЕрд╕реВрди рд╢реЗрддрдХрд░реНтАНрдпрд╛рдВрдЪреЗ рдиреБрдХрд╕рд╛рди рд╣реЛрдИрд▓ рдЕрд╕рд╛ рджрд╛рд╡рд╛ рдХрд┐рд╕рд╛рди рджрд▓рдиреЗ рдХреЗрд▓рд╛ рдЖрд╣реЗ. #farmersbill  #FarmersProtest   https://t.co/vzrQPpOAsb,"['farmersbill', 'farmersprotest']",778507558256422912,SaamanaOnline,Saamana,https://twitter.com/SaamanaOnline/status/1307335687998337024,['https://bit.ly/3hLxBJZ'],38,3,0
7,1307327152841392128,2020-09-19 20:04:16,"Well-researched, informative perspective on the controversy over #FarmBills  #FarmersProtest #FarmBillFight","['farmbills', 'farmersprotest', 'farmbillfight']",63073975,madversity,Madhavan Narayanan,https://twitter.com/madversity/status/1307327152841392128,[],6,1,1
8,1307305744908185603,2020-09-19 18:39:12,рдХрд┐рд╕рд╛рдиреЛрдВ рдиреЗ рджреА рд╕рд░рдХрд╛рд░ рдХреЛ 2024 рдореЗрдВ рдЦрд╛рдорд┐рдпрд╛рдЬрд╛ рднреБрдЧрддрдиреЗ рдХреА рдЪреЗрддрд╛рд╡рдиреА  #ZeePHH #Punjab #FarmersProtest #Amritsar  https://t.co/n4c1uJKQk8,"['zeephh', 'punjab', 'farmersprotest', 'amritsar']",2529715724,ZeePunjabHH,Zee PHH,https://twitter.com/ZeePunjabHH/status/1307305744908185603,[],11,6,0
9,1307301637824933888,2020-09-19 18:22:53,"р▓жр▓┐р▓ир▓ж р▓кр│Нр▓░р▓ор│Бр▓Ц р▓╕р│Бр▓жр│Нр▓жр▓┐р▓Чр▓│ р▓ор│Бр▓Цр│Нр▓пр▓╛р▓Вр▓╢р▓Чр▓│р│Б р▓Зр▓▓р│Нр▓▓р▓┐р▓╡р│Ж. р▓╣р│Жр▓Ър│Нр▓Ър▓┐р▓и р▓╕р│Бр▓жр│Нр▓жр▓┐р▓Чр▓│р│Б, р▓╕р▓ор▓Чр│Нр▓░ р▓╡р▓░р▓жр▓┐р▓Чр▓│р▓┐р▓Чр▓╛р▓Чр▓┐ р▓Ур▓жр│Бр▓др│Нр▓др▓┐р▓░р▓┐:  https://t.co/IXsnA1QLNj #IndianArmy #Covid_19 #FarmersProtest #NarendraModi  https://t.co/95CmEPDR3X via @YouTube","['indianarmy', 'covid_19', 'farmersprotest', 'narendramodi']",199202745,prajavani,Prajavani,https://twitter.com/prajavani/status/1307301637824933888,"['https://www.prajavani.net', 'https://youtu.be/ethxgcNKaCI']",0,0,0
10,1307294609194721280,2020-09-19 17:54:57,рдмрд┐рдЬрдиреМрд░ рд╕реЗ рдмрд╕рдкрд╛ рд╕рд╛рдВрд╕рдж рдорд▓реВрдХ рдирд╛рдЧрд░ рдиреЗ рдХреГрд╖рд┐ рдмрд┐рд▓ рдкрд░ рд╕рд░рдХрд╛рд░ рдХреА рдиреАрдпрдд рдкрд░ рд╕рд╡рд╛рд▓ рдЙрдард╛рдпрд╛.  рдЕрд╡рд┐рдирд╛рд╢ рддрд┐рд╡рд╛рд░реА (@tiwariavinash) рдХреА рд░рд┐рдкреЛрд░реНрдЯ   #FarmersProtest  #FilmCity    https://t.co/0L23rGu6iQ,"['farmersprotest', 'filmcity']",1090885330163494914,AbpGanga,ABP Ganga,https://twitter.com/AbpGanga/status/1307294609194721280,['https://www.abplive.com/states/up-uk/bsp-mp-malook-nagar-said-that-agriculture-bill-not-farmers-friendly-ann-1569676'],3,1,1
11,1307290844353957890,2020-09-19 17:40:00,"рокроЮрпНроЪро╛рокрпН, роЕро░ро┐ропро╛ройро╛ рооро╛роиро┐ро▓роЩрпНроХро│ро┐ро▓рпН ро╡ро┐ро╡роЪро╛ропро┐роХро│рпН рокрпЛро░ро╛роЯрпНроЯроорпН родрпАро╡ро┐ро░роорпН Click &gt; https://t.co/mJkggeOLwl #SunNews #AgricultureBill  #FarmersProtest #Punjab  #Haryana","['sunnews', 'agriculturebill', 'farmersprotest', 'punjab', 'haryana']",1079310252,sunnewstamil,Sun News,https://twitter.com/sunnewstamil/status/1307290844353957890,['https://youtu.be/L6BBbeEdH8c'],14,2,0
12,1307275294538047488,2020-09-19 16:38:12,The bills falsely assume that private purchasers and farmers have equal bargaining power. #IStandWithFarmers #FarmersProtest  https://t.co/Qxllz3bB3I,"['istandwithfarmers', 'farmersprotest']",3182543942,IYCJammuKashmir,J&K Youth Congress,https://twitter.com/IYCJammuKashmir/status/1307275294538047488,[],23,19,2
13,1307261820005093376,2020-09-19 15:44:40,#JUSTIN || @TelanganaCMO K Chandrasekhar Rao has asked his party MPs to vote against the #FarmersBills in the #Parliament. He said the farm bills moved by the Centre are detrimental to the interest of farmers @TOITelangana @TOICitiesNews @timesofindia  #FarmersProtest  https://t.co/dyD9UwQ23f,"['justin', 'farmersbills', 'parliament', 'farmersprotest']",31059478,TOIHyderabad,TOI Hyderabad,https://twitter.com/TOIHyderabad/status/1307261820005093376,[],82,15,2
14,1307260326862139392,2020-09-19 15:38:44,Agriculture Reforms Bills Fallout: Social media protest continues amidst the call for 'Bharat bandh' on Sept 25    #WeAgainstFarmBills #FarmersProtest #25рд╕рд┐рддрдореНрдмрд░_рднрд╛рд░рддрдмрдВрдж #25SeptBharatBand  @SardarVm @HansrajMeena @Neerajkundan    https://t.co/CLOAKSfX0t,"['weagainstfarmbills', 'farmersprotest', '25рд╕рд┐рддрдореНрдмрд░_рднрд╛рд░рддрдмрдВрдж', '25septbharatband']",295693924,fpjindia,Free Press Journal,https://twitter.com/fpjindia/status/1307260326862139392,['https://www.freepressjournal.in/india/agriculture-reforms-bills-fallout-social-media-protest-continues-amidst-the-call-for-bharat-bandh-on-sept-25'],1114,1084,30
15,1307254930722271233,2020-09-19 15:17:17,"The recent #farmers' agitation in Pipli, #Haryana, followed by the passing of the agri bills, has stirred up a hornetтАЩs nest in the political arena, with differences among allies of the NDA spilling out into the open. Read:  https://t.co/1HlVFsbvi4  #FarmBills #FarmersProtest  https://t.co/yoBCv5Vjz2","['farmers', 'haryana', 'farmbills', 'farmersprotest']",1205044900951027714,GaonConnectionE,Gaon Connection English,https://twitter.com/GaonConnectionE/status/1307254930722271233,['https://bit.ly/3mDvQ50'],5,1,0
16,1307250992434479105,2020-09-19 15:01:38,рд▓реЛрдХрд╕рднрд╛ рдореЗрдВ рдкрд╛рд░рд┐рдд рд╣реБрдП рдХреГрд╖рд┐ рд╕рдВрдмрдВрдзреА рд╡рд┐рдзреЗрдпрдХреЛрдВ рдХреЛ рд▓реЗрдХрд░ рдХрд╛рдВрдЧреНрд░реЗрд╕ рдорд╣рд╛рд╕рдЪрд┐рд╡ рдкреНрд░рд┐рдпрдВрдХрд╛ рдЧрд╛рдВрдзреА рд╡рд╛рдбреНрд░рд╛ рдиреЗ рдЖрдЬ рдХреЗрдВрджреНрд░ рдХреА рдмреАрдЬреЗрдкреА рд╕рд░рдХрд╛рд░ рдкрд░ рд╣рдорд▓рд╛ рдХрд┐рдпрд╛ рд╣реИ.  #PriyankaGandhi  #FarmersProtest    https://t.co/2H1l1a5u0X,"['priyankagandhi', 'farmersprotest']",39240673,ABPNews,ABP News,https://twitter.com/ABPNews/status/1307250992434479105,['https://www.abplive.com/news/india/agriculture-bill-congress-leader-priyanka-gandhi-attacks-bjp-government-over-farmers-issue-1569482'],276,24,73
17,1307249839722262528,2020-09-19 14:57:03,"рднрд╛рдЬрдкрд╛ рдХрд┐рд╕рд╛рди рд░рд╛рдЬрдиреАрддрд┐ рдореЗрдВ рдлрдВрд╕ рд░рд╣реА рд╣реИ. рдЖрдврд╝рддреА рдпрд╛рдиреА рдХреГрд╖рд┐тАН рд╡реНрдпрд╛рдкрд╛рд░реА рдЙрд╕рдХрд╛ рдкреБрд░рд╛рдирд╛ рд░рд╛рдЬрдиреАрддрд┐рдХ рдЖрдзрд╛рд░ рд╣реИрдВ. рдЗрдирдХреЗ рджрдмрд╛рд╡ рдореЗрдВ рд╣реА рдордВрдбреА рдХрд╛рдиреВрди рдХреЛ рдЦрддреНрдо рдХрд░рдиреЗ рдФрд░ рдмрджрд▓рдиреЗ рдХреЗ рдлреИрд╕рд▓реЗ рдЯрд╛рд▓реЗ рдЧрдП, рдЕрдм рдпрд╣реА рдХрд┐рд╕рд╛рдиреЛрдВ рдХреЗ рд╕рд╛рде рдорд┐рд▓рдХрд░ рдмрдбрд╝реЗ рдХрд╛рд░реЛрдмрд╛рд░рд┐рдпреЛрдВ рдХреЛ рдЖрдиреЗ рд╕реЗ рд░реЛрдХрдиреЗ рдХреА рдореБрд╣рд┐рдо рдЪрд▓рд╛ рд░рд╣реЗ рд╣реИрдВ.. #FarmersProtest",['farmersprotest'],140879935,anshuman1tiwari,anshuman tiwari,https://twitter.com/anshuman1tiwari/status/1307249839722262528,[],362,66,14
18,1307243740151443458,2020-09-19 14:32:49,I fully support the farmers' protest against the Modi govt.' passing three agriculture-related bills as they do not contain the assurance of procurement at minimum support prices. #FarmersProtest,['farmersprotest'],985777983897010177,DrMungekar,Dr. Bhalchandra Mungekar,https://twitter.com/DrMungekar/status/1307243740151443458,[],23,10,0
19,1307242333725888512,2020-09-19 14:27:14,рдХреГрд╖рд┐ рд╡рд┐рдзреЗрдпрдХ рдХреЗ рд╡рд┐рд░реЛрдз рдореЗрдВ рдЖрдЬ рднреА рдХрд┐рд╕рд╛рдиреЛрдВ рдХрд╛ рдкреНрд░рджрд░реНрд╢рди #FarmersProtest #FarmOrdinance  https://t.co/7T2r16gbHh,"['farmersprotest', 'farmordinance']",249643872,ndtvvideos,NDTV Videos,https://twitter.com/ndtvvideos/status/1307242333725888512,[],137,29,2
20,1307231861186244609,2020-09-19 13:45:37,"""Everything else can wait, but not agriculture"". ~ Pandit Jawaharlal Nehru Ji   #FarmersProtest  https://t.co/DYdlZzXdbu",['farmersprotest'],1449299132,ripunbora,Ripun Bora,https://twitter.com/ripunbora/status/1307231861186244609,[],174,47,4
21,1307208726760226816,2020-09-19 12:13:41,"Preetam Singh, a resident of MansaтАЩs #Akanwali village, consumed Sulphas tablets - used as a rodenticide - during the six-day protest organised by the Bharatiya Kisan Union (Ugrahan).  @capt_amarinder #FarmBills #FarmersProtest   https://t.co/WuZUGAEJG4","['akanwali', 'farmbills', 'farmersprotest']",2264849412,LogicalIndians,The Logical Indian,https://twitter.com/LogicalIndians/status/1307208726760226816,['https://thelogicalindian.com/ruralindia/punjab-farmer-dies-by-suicide-23832'],2,1,0
22,1307204268051456000,2020-09-19 11:55:58,"#Agricultural reform bills: Farmers in Punjab, Haryana protest against Centre  #farmersbill #FarmBills #FarmersProtest #AgricultureBill   https://t.co/I5a3LdY6lj","['agricultural', 'farmersbill', 'farmbills', 'farmersprotest', 'agriculturebill']",17710740,dna,DNA,https://twitter.com/dna/status/1307204268051456000,['http://dnai.in/gApX'],32,2,5
23,1307204214284640256,2020-09-19 11:55:46,#KisanBill2020 : рдХреГрд╖рд┐ рдмрд┐рд▓ рдкрд░ рдЯреВрдЯ рдЬрд╛рдпреЗрдЧреА рдПрдирдбреАрдП ? рд╕реБрдЦрдмреАрд░ рд╕рд┐рдВрд╣ рдиреЗ рдХрд╣ рджреА рдпреЗ рдмрд╛рдд.. #FarmersProtest #HarsimratKaurBadal #FarmBill2020   https://t.co/Ax06z6q6Fy,"['kisanbill2020', 'farmersprotest', 'harsimratkaurbadal', 'farmbill2020']",2354323903,prabhatkhabar,Prabhat Khabar,https://twitter.com/prabhatkhabar/status/1307204214284640256,['https://www.prabhatkhabar.com/national/kisan-bill-2020-nda-break-over-farm-bill-sukhbir-singh-told-his-bjp-akali-dal-alliance-harsimrat-kaur-badal-resignation-farmers-protest-hindi-news-pwn'],8,0,0
24,1307203648250757120,2020-09-19 11:53:31,APMC рдкрд░ рд╕рдмрд╕реЗ рдмрдбрд╝рд╛ рдЦреБрд▓рд╛рд╕рд╛! рдХреГрд╖рд┐ рдмрд┐рд▓ рдкрд░ рдмреАрдЬреЗрдкреА-рдХрд╛рдВрдЧреНрд░реЗрд╕ рдПрдХ! рдХрд╛рдВрдЧреНрд░реЗрд╕ рдХрд╛ рд╡рд┐рд░реЛрдз рд╕рд┐рдпрд╛рд╕реА рд╣реИ!  рджреЗрдЦрд┐рдП 11:55 рдмрдЬреЗ with @Shweta__Jaya Zee Hindustan рдкрд░  #AgricultureBill #JaiJawanJaiKisan #FarmersProtest @INCIndia @BJP4India  https://t.co/wYnVyMJuKn,"['agriculturebill', 'jaijawanjaikisan', 'farmersprotest']",3989159413,Zee_Hindustan,ZEE HINDUSTAN,https://twitter.com/Zee_Hindustan/status/1307203648250757120,[],2,0,0
25,1307200565064142848,2020-09-19 11:41:15,"#FarmersProtest Villagers pitch in, ensure uninterrupted supply of essentials to protesters  https://t.co/LuIwq8iBpS",['farmersprotest'],3046490198,thetribunechd,The Tribune,https://twitter.com/thetribunechd/status/1307200565064142848,['https://tribuneindia.com/news/punjab/villagers-pitch-in-ensure-uninterrupted-supply-of-essentials-to-protesters-143306'],6,5,1
26,1307200382754414593,2020-09-19 11:40:32,#FarmBills рдХреЛ рд▓реЗрдХрд░ рдХрдИ рд╕рд╛рд░реЗ рдкреНрд╡рд╛рдЗрдВрдЯ рдФрд░ рдХрд┐рд╕рд╛рдиреЛрдВ рдХреА рдЪрд┐рдВрддрд╛рдУрдВ рдХреЛ рд╕рдореЗрдЯреЗ @Devinder_Sharma рд╕рд░ рдХрд╛ рд▓реЗрдЦ рд╡рдХреНрдд рдорд┐рд▓реЗ рддреЛ рдкрдврд╝рд┐рдП #AgricultureBill #FarmersProtest  https://t.co/lFnFdrV1Ar,"['farmbills', 'agriculturebill', 'farmersprotest']",2473925244,AShukkla,Arvind Shukla,https://twitter.com/AShukkla/status/1307200382754414593,[],168,63,5
27,1307197776833335296,2020-09-19 11:30:11,#FarmersProtest  #рдХрд┐рд╕рд╛рди_рд╡рд┐рд░реЛрдзреА_рдореЛрджреА_рд╕рд░рдХрд╛рд░  https://t.co/3czrDvYhc5,"['farmersprotest', 'рдХрд┐рд╕рд╛рди_рд╡рд┐рд░реЛрдзреА_рдореЛрджреА_рд╕рд░рдХрд╛рд░']",1421497854,Sandeep_Saurav_,Sandeep Saurav,https://twitter.com/Sandeep_Saurav_/status/1307197776833335296,[],39,17,1
28,1307196354955866113,2020-09-19 11:24:32,рдХрд┐рд╕рд╛рди рдЕрдзреНрдпрд╛рдзреЗрд╢ рджреНрд╡рд╛рд░рд╛ рдХреЗрдВрджреНрд░ рд╕рд░рдХрд╛рд░ рдкреВрдВрдЬреАрдкрддрд┐рдпреЛрдВ рдХреЛ рдмрдврд╝рд╛рд╡рд╛ рджреЗрдиреЗ рдХрд╛ рдХрд╛рдо рдХрд░ рд░рд╣реА рд╣реИред рдпреЗ рдЕрдзреНрдпрд╛рдзреЗрд╢ рджреЗрд╢ рдХреЗ рдХрд┐рд╕рд╛рдиреЛрдВ рдХреЗ рд╕рд╛рде рдзреЛрдЦрд╛ рд╣реИред рдореИ рдЗрд╕рдХрд╛ рд╡рд┐рд░реЛрдз рдХрд░рддрд╛ рд╣реВрдВред @AgriGoI #farmersbill #FarmersProtest #рдХрд┐рд╕рд╛рди_рд╡рд┐рд░реЛрдзреА_рдЕрдзреНрдпрд╛рджреЗрд╢_рд╡рд╛рдкрд╕_рд▓реЛ #рдХрд┐рд╕рд╛рди_рд╡рд┐рд░реЛрдзреА_рдореЛрджреА_рд╕рд░рдХрд╛рд░ #рдХрд┐рд╕рд╛рди_рдмрдЪреЗрдЧрд╛_рддреЛ_рджреЗрд╢_рдмрдЪреЗрдЧрд╛ #Farmers,"['farmersbill', 'farmersprotest', 'рдХрд┐рд╕рд╛рди_рд╡рд┐рд░реЛрдзреА_рдЕрдзреНрдпрд╛рджреЗрд╢_рд╡рд╛рдкрд╕_рд▓реЛ', 'рдХрд┐рд╕рд╛рди_рд╡рд┐рд░реЛрдзреА_рдореЛрджреА_рд╕рд░рдХрд╛рд░', 'рдХрд┐рд╕рд╛рди_рдмрдЪреЗрдЧрд╛_рддреЛ_рджреЗрд╢_рдмрдЪреЗрдЧрд╛', 'farmers']",1182345900221333504,HajiFazlurMP,Haji Fazlur Rehman,https://twitter.com/HajiFazlurMP/status/1307196354955866113,[],27,4,0
29,1307195103576879104,2020-09-19 11:19:33,#AgriReforms: Were farmers consulted?  @drmanojrajoria @DrGeetaBhatt @RamPratapBJP @Prateeksom2 @kkuruganti @sunilkjakhar  Watch more here:  https://t.co/PatrP5qFRf  #FarmersProtest #FarmBills #FarmBillFight  https://t.co/mYmF47fehQ,"['agrireforms', 'farmersprotest', 'farmbills', 'farmbillfight']",52810218,sanket,Sanket Upadhyay,https://twitter.com/sanket/status/1307195103576879104,['https://youtu.be/GXKNnvDaHoc'],30,3,2
30,1307194319728603136,2020-09-19 11:16:26,#FarmReforms pro or anti-farmer?  @drmanojrajoria @DrGeetaBhatt @RamPratapBJP @Prateeksom2 @kkuruganti @sunilkjakhar  Watch the full show of #TheBigFight here:  https://t.co/PatrP5qFRf  #FarmersProtest #FarmBills #FarmBillFight  https://t.co/lgztSGvnWR,"['farmreforms', 'thebigfight', 'farmersprotest', 'farmbills', 'farmbillfight']",52810218,sanket,Sanket Upadhyay,https://twitter.com/sanket/status/1307194319728603136,['https://youtu.be/GXKNnvDaHoc'],35,7,4
31,1307192301442097152,2020-09-19 11:08:25,"""Wanted government to give a hearing to the farmers"": @HarsimratBadal_, @Akali_Dal_ MP  Watch more here:  https://t.co/AQZsUOGnIF  #farmersbill #FarmBillFight #FarmersProtest #FarmReforms  https://t.co/Ou1Qq5zQHs","['farmersbill', 'farmbillfight', 'farmersprotest', 'farmreforms']",52810218,sanket,Sanket Upadhyay,https://twitter.com/sanket/status/1307192301442097152,['https://youtu.be/zttNCLaBb54'],145,42,16
32,1307192245309771777,2020-09-19 11:08:12,"Apropos #FarmersProtest whatтАЩs really at stake? Intent understandably is to rationalise sale/purchase of crops. Problem is, as usual with Modi Gov, rush to implement. Move impinges on federalism &amp; stake of states, which raise revenue from taxing Mandi sales. And...",['farmersprotest'],1401726968,ambkcsingh,K. C. Singh,https://twitter.com/ambkcsingh/status/1307192245309771777,[],125,26,7
33,1307191069088464896,2020-09-19 11:03:31,"""If PM Modi's policies were anti-farmer, Akali Dal would not have been part of Modi govt for 6 years. PM Modi is working day and night to take the country ahead"": @HarsimratBadal_, @Akali_Dal_ MP  Watch:  https://t.co/yN5eKgw06w  #FarmersProtest #FarmBills  https://t.co/g108rX2xTk","['farmersprotest', 'farmbills']",52810218,sanket,Sanket Upadhyay,https://twitter.com/sanket/status/1307191069088464896,['https://youtu.be/RGUVdkTMLFQ'],32,3,3
34,1307190181200568321,2020-09-19 11:00:00,A nearly three-year-old photo from a protest rally by farmers in Rajasthan is being falsely shared as recent from the Haryana farmer protests against the Centre over agriculture-related ordinances. #BOOMFactCheck #FakeNews #AgricultureBill #FarmersProtest   https://t.co/brWS7QvPxR,"['boomfactcheck', 'fakenews', 'agriculturebill', 'farmersprotest']",2392031700,boomlive_in,BOOM Live,https://twitter.com/boomlive_in/status/1307190181200568321,['https://www.boomlive.in/fake-news/2017-rajasthan-protest-photo-viral-as-recent-haryana-farmer-protests-9799'],5,2,0
35,1307189349901938688,2020-09-19 10:56:42,рдХреГрд╖рд┐ рдмрд┐рд▓ рдкрд░ рд╕рдВрдЧреНрд░рд╛рдо рдХреНрдпреЛрдВ? рдХреНрдпреЛрдВ рдордЬрд╝рдмреВрд░ рд╣реЛ рдЧрдП рдХрд┐рд╕рд╛рди рд╕рдбрдХреЛрдВ рдкрд░ рдЬрд╛рдиреЗ рдХреЛ?  #JaiJawanJaiKisan @ShaliniKTiwari #AgricultureBill #FarmersProtest @MamgainKumar  https://t.co/2CNiiiteXQ,"['jaijawanjaikisan', 'agriculturebill', 'farmersprotest']",3989159413,Zee_Hindustan,ZEE HINDUSTAN,https://twitter.com/Zee_Hindustan/status/1307189349901938688,[],14,2,1
36,1307188349963132928,2020-09-19 10:52:43,"""For longest time, Congress was synonymous with corruption but Captain Amarinder Singh synonymous with deception"": @HarsimratBadal_, @Akali_Dal_ MP  Watch the full discussion here:  https://t.co/yN5eKgw06w  #FarmersProtest #FarmBills #HarsimratKaurBadal  https://t.co/md92aGwXlX","['farmersprotest', 'farmbills', 'harsimratkaurbadal']",52810218,sanket,Sanket Upadhyay,https://twitter.com/sanket/status/1307188349963132928,['https://youtu.be/RGUVdkTMLFQ'],25,1,0
37,1307187099699826688,2020-09-19 10:47:45,"#PioneerHeadlines: Protests in #Maharashtra, #Punjab, #Haryana, #Telangana, #Chhattisgarh, western UP; farmersтАЩ body plans rail roko from September 24 to 26. #FarmersProtest #FarmerBill   https://t.co/sTS5z3g8LA","['pioneerheadlines', 'maharashtra', 'punjab', 'haryana', 'telangana', 'chhattisgarh', 'farmersprotest', 'farmerbill']",470299753,TheDailyPioneer,The Pioneer,https://twitter.com/TheDailyPioneer/status/1307187099699826688,['https://bit.ly/3ckJBBa'],1,0,0
38,1307182632447414272,2020-09-19 10:30:00,"рдкрдВрдЬрд╛рдм рдФрд░ рдЕрдиреНрдп рдЬрдЧрд╣реЛрдВ рдкрд░ рдХрд┐рд╕рд╛рдиреЛрдВ рдХреЗ рдмрдбрд╝реЗ рдкреИрдорд╛рдиреЗ рдкрд░ рдЕрд▓рдЧрд╛рд╡ рд╕реЗ рдмрдЪрдиреЗ рдХреЗ рд▓рд┐рдП рдЦреЗрддреА рдХреА рдЪрд┐рдВрддрд╛ рдХреЛ рд╕реНрд╡реАрдХрд╛рд░ рдХрд░рдирд╛ рдЪрд╛рд╣рд┐рдпреЗредрдРрд╕реА рд╕реНрдерд┐рддрд┐ рдореЗрдВ рдЕрд╢рд╛рдВрдд рд╕рдордпреЛрдВ рдореЗрдВ рдЧрдВрднреАрд░ рдкрд░рд┐рдгрд╛рдо рд╣реЛ рд╕рдХрддреЗ рд╣реИрдВ рдЬрдм рдЪреАрди рдФрд░ рдХреЛрд░реЛрдирд╛, рджреЗрд╢ рдХреЗ рд▓рд┐рдП рдкрд╣рд▓реЗ рд╕реЗ рд╣реА рдПрдХ рдЧрдВрднреАрд░ рдЦрддрд░рд╛ рдкреИрджрд╛ рдХрд░ рд░рд╣реЗрдВ рд╣реИрдВред @GauravGogoiAsm #FarmersProtest #FarmBill2020","['farmersprotest', 'farmbill2020']",2613379874,DrAshwani_Kumar,Dr Ashwani Kumar,https://twitter.com/DrAshwani_Kumar/status/1307182632447414272,[],5,0,0
39,1307173823087771648,2020-09-19 09:55:00,Decoded: Why are farmers up in arms against #Modi govt's farm bills?   @sanjeebm77 writes  #farming #agriculture  #farmersbill #FarmersProtest #FarmBills    https://t.co/9cHPNWprQU,"['modi', 'farming', 'agriculture', 'farmersbill', 'farmersprotest', 'farmbills']",43855487,bsindia,Business Standard,https://twitter.com/bsindia/status/1307173823087771648,['https://mybs.in/2YQKXTQ'],9,1,5
40,1307172951146598403,2020-09-19 09:51:32,...рддрд░ рдореЛрджреА рд╕рд░рдХрд╛рд░рд╡рд┐рд░реЛрдзрд╛рдд рд╕рд░реНрд╡рд╛рдВрдирд╛ рдПрдХрддреНрд░ рдпрд╛рд╡реЗрдЪ рд▓рд╛рдЧреЗрд▓; рд╢рд┐рд╡рд╕реЗрдиреЗрдЪрд╛ рдЖрд╕реВрдб рдХрдбрд╛рдбрд▓рд╛ #shivsena #ModiGovernment #farmersbill #FarmersProtest #HarsimratKaur   https://t.co/DZUGklmO3Z,"['shivsena', 'modigovernment', 'farmersbill', 'farmersprotest', 'harsimratkaur']",171880832,mataonline,Maharashtra Times,https://twitter.com/mataonline/status/1307172951146598403,['https://maharashtratimes.com/maharashtra/mumbai-news/shiv-sena-slams-modi-government-over-agriculture-bills/articleshow/78198340.cms'],501,39,58
41,1307172490565820417,2020-09-19 09:49:42,"рдХреГрд╖рд┐ рдПрд╡рдВ рдХреНрд░рд╢рдХ рд╢реЗрддреНрд░ рд╕реЗ рдЬреБрдбрд╝реЗ рд╡рд┐рдзреЗрдпреЛрдВ рдХрд╛ рд╡рд┐рд░реЛрдз рдХрд░рдиреЗ рд╡рд╛рд▓реЗ рджрд▓реЛрдВ рдПрдХрдЬреБрдЯ рд╣реЛрдХрд░ рд╕рдВрдХрд▓реНрдк рдФрд░ рд╕рдВрдпреБрдХреНрдд рд░рд╛рдЬрдиреАрддрд┐рдХ рдХреЗ рд╕рд╛рде, рд╣рдорд╛рд░реЗ рдХрд┐рд╕рд╛рдиреЛрдВ рдХреЗ рд▓рд┐рдП рдиреНрдпрд╛рдп рдХреЛ рд╕реБрд░рдХреНрд╖рд┐рдд рдХрд░рдирд╛ рд╣реЛрдЧрд╛ред рдХреЗрдВрджреНрд░реАрдп рд╕рд░рдХрд╛рд░ рдХреЛ рдХреГрд╖рд┐ рдХреА рдкреНрд░рддрд┐рд╖реНрдард╛ рдкрд░ рдЦрдбрд╝реЗ рдирд╣реАрдВ рд╣реЛрдирд╛ рдЪрд╛рд╣рд┐рдП ред  @SATAVRAJEEV #FarmersProtest #PunjabFarmers @INCIndia","['farmersprotest', 'punjabfarmers']",2613379874,DrAshwani_Kumar,Dr Ashwani Kumar,https://twitter.com/DrAshwani_Kumar/status/1307172490565820417,[],22,5,0
42,1307155362466770945,2020-09-19 08:41:38,#роЗройрпНро▒рпИропроЪрпЖропрпНродро┐  ро╡ро┐ро╡роЪро╛роп роороЪрпЛродро╛ : роПройрпН роОро┤рпБроХро┐ро▒родрпБ роОродро┐ро░рпНрокрпНрокрпБ?   https://t.co/5wMBD3FLqB | #Agriculturebills | #FarmersProtest | #LokSabha  https://t.co/LEqpXcTFXq,"['роЗройрпНро▒рпИропроЪрпЖропрпНродро┐', 'agriculturebills', 'farmersprotest', 'loksabha']",2691975211,news7tamil,News7 Tamil,https://twitter.com/news7tamil/status/1307155362466770945,['http://www.ns7.tv'],14,2,0
43,1307127102295216128,2020-09-19 06:49:21,"""рдпрд╣ рдЕрдзреНрдпрд╛рджреЗрд╢ рдХрд╣рддрд╛ рд╣реИ рдХрд┐ рдмрдбрд╝реЗ рдХрд╛рд░реЛрдмрд╛рд░реА рд╕реАрдзреЗ рдХрд┐рд╕рд╛рдиреЛрдВ рд╕реЗ рдЙрдкрдЬ рдЦрд░реАрдж рдХрд░ рд╕рдХреЗрдВрдЧреЗ, рд▓реЗрдХрд┐рди рдпреЗ рдпрд╣ рдирд╣реАрдВ рдмрддрд╛рддрд╛ рдХрд┐ рдЬрд┐рди рдХрд┐рд╕рд╛рдиреЛрдВ рдХреЗ рдкрд╛рд╕ рдореЛрд▓-рднрд╛рд╡ рдХрд░рдиреЗ рдХреА рдХреНрд╖рдорддрд╛ рдирд╣реАрдВ рд╣реИ, рд╡реЗ рдЗрд╕рдХрд╛ рд▓рд╛рдн рдХреИрд╕реЗ рдЙрдард╛рдПрдВрдЧреЗ?"" Report-@Mithileshdhar  #FarmerFirst #FarmersBills #FarmersProtest   https://t.co/dXHmNuCK9y","['farmerfirst', 'farmersbills', 'farmersprotest']",421701259,GaonConnection,GaonConnection,https://twitter.com/GaonConnection/status/1307127102295216128,['https://www.gaonconnection.com/desh/understand-what-is-the-3-agriculture-ordinances-farm-bill-which-farmers-are-opposing-what-is-that-and-why-it-is-being-opposed-48094'],301,94,11
44,1307125268432195589,2020-09-19 06:42:03,рд╣рд░рд┐рдпрд╛рдгрд╛: рд░реЛрд╣рддрдХ рдореЗрдВ рдХрд┐рд╕рд╛рдиреЛрдВ рдиреЗ рдХрд▓ рд▓реЛрдХрд╕рднрд╛ рдореЗрдВ рдХреГрд╖рд┐ рд╕реБрдзрд╛рд░ рдмрд┐рд▓ рдкрд╛рд░рд┐рдд рдХрд┐рдП рдЬрд╛рдиреЗ рдХрд╛ рд╡рд┐рд░реЛрдз рдХрд┐рдпрд╛  #AgricultureBill @mlkhattar @narendramodi #FarmersProtest  https://t.co/T5gWHzT2kw,"['agriculturebill', 'farmersprotest']",3989159413,Zee_Hindustan,ZEE HINDUSTAN,https://twitter.com/Zee_Hindustan/status/1307125268432195589,[],6,0,1
1,1307162487142350848,2020-09-19 09:09:57,All reforms are initially opposed by entrenched vested interests. The bills will modernise farming &amp; loosen the grip of middlemen. The bills may need amendment to protect farmersтАЩ msp so corporates donтАЩt take undue advantage but overall this agri reform will help all stakeholders,[],18373968,MinhazMerchant,Minhaz Merchant,https://twitter.com/MinhazMerchant/status/1307162487142350848,[],219,89,9
2,1307412541589479424,2020-09-20 01:43:35,BDPO shifted for claiming farmersтАЩ protest proposed by #Punjab govt  https://t.co/zC31C3ZEAZ,['punjab'],3046490198,thetribunechd,The Tribune,https://twitter.com/thetribunechd/status/1307412541589479424,['https://www.tribuneindia.com/news/punjab/bdpo-shifted-for-claiming-farmers-protest-proposed-by-punjab-govt-143471'],0,1,0
5,1307373852897325057,2020-09-19 23:09:51,"Watch | Farmers in Punjab, Haryana to hold a series of protests from Sunday against the new #FarmBills   https://t.co/PhOAbGuW9r",['farmbills'],249643872,ndtvvideos,NDTV Videos,https://twitter.com/ndtvvideos/status/1307373852897325057,[],18,3,1
6,1307365747836874753,2020-09-19 22:37:38,"Watch | Farmers in Punjab, Haryana to hold a series of protests from Sunday against the new #FarmBills  https://t.co/RDsyLXrT2E",['farmbills'],37034483,ndtv,NDTV,https://twitter.com/ndtv/status/1307365747836874753,[],135,25,6
8,1307354990697086976,2020-09-19 21:54:53,Farmers to protest across Haryana against farm ordinances  https://t.co/UJ9KK7wb1p,[],1066972567943053312,HindustanTimes,Hindustan Times,https://twitter.com/HindustanTimes/status/1307354990697086976,['http://www.hindustantimes.com/cities/farmers-to-protest-across-haryana-against-farm-ordinances/story-zXzZmMqJ8jgZu7OoG3uSxL.html'],1,0,0
11,1307350161241198592,2020-09-19 21:35:42,Agri Bills: Chhattisgarh Chief Minister Warns Of Nationwide Protest By Farmers  https://t.co/5b14L7QOFg,[],1052973832112357377,SevadalCG,Chhattisgarh Pradesh Congress Sevadal,https://twitter.com/SevadalCG/status/1307350161241198592,['https://www.ndtv.com/india-news/agri-bills-chhattisgarh-chief-minister-warns-of-nationwide-protest-by-farmers-2297805?amp=1&akamai-rum=off'],10,7,2
12,1307348725631774720,2020-09-19 21:30:00,"""We are willing to go to any length to protect the interest of the #farmers""  Harsimrat Kaur Badal, leader of Shriomani Akali Dal resigns from the Cabinet over 3 farm bills as a sign of protest against the legislation.   @bdutt   Watch:  https://t.co/8pZEE8YeaN  https://t.co/rzM8nGM3CJ",['farmers'],854614125003014144,themojostory,Mojo Story,https://twitter.com/themojostory/status/1307348725631774720,['https://youtu.be/JsxKpYMdzRw'],15,7,1
13,1307344591343943681,2020-09-19 21:13:34,"тАЬProud to stand with farmers as their sister &amp; daughter,тАЭ said Union Minister Harsimrat Kaur Badal after she resigned from Modi cabinet in protest against farm reforms bills passed in Lok Sabha.  ThePrintтАЩs Taran Deol @tdeoll explains in #PoliTicker   https://t.co/JeyAQkgvJc",['politicker'],2574072036,ShekharGupta,Shekhar Gupta,https://twitter.com/ShekharGupta/status/1307344591343943681,['https://bit.ly/3iJPR7U'],49,7,4
17,1307327335104999424,2020-09-19 20:05:00,FarmersтАЩ protests in Punjab have intensified amid criticism against the farm bills. Farmers in Amritsar occupied streets and burned effigies in protest against the three bills  SAD President Sukhbir Singh Badal said there wonтАЩt be talks with Centre until the bills are taken back  https://t.co/ppEYwW0TaJ,[],36327407,htTweets,Hindustan Times,https://twitter.com/htTweets/status/1307327335104999424,[],21,7,1
19,1307322745118629892,2020-09-19 19:46:45,"Left parties in Tamil Nadu protest against the anti-people, anti-farmer policy of the Modi govt. They demanded cash relief and food grains for people affected by #COVID19. @tncpim State secretary K Balakrishnan led the protest in Chennai.  https://t.co/0nvXne54RB",['covid19'],2341741537,cpimspeak,CPI (M),https://twitter.com/cpimspeak/status/1307322745118629892,[],274,66,4
0,1307360134054604800,2020-09-19 22:15:20,рдХреНрдпрд╛ рджреЗрд╢рдХрд╛ #рдХрд┐рд╕рд╛рди рдЫрддреАрд╕рдЧрдврд╝ рдХреЗ рдореБрджреНрджреЗ рдкрд░ рдмреЛрд▓реЗрдЧрд╛? #рдЕрджрд┐рд╡рд╛рд╕реАрдХрд┐рд╕рд╛рди рд▓реЛрдЧреЛрд╕реЗ рд▓реВрдЯреА рдЬрд╛ рд░рд╣реА рдЬрдореАрдиреЛ рдХреЗ рдЦрд┐рд▓рд╛рдл рдмреЛрд▓реЗрдЧрд╛ рдХрд┐рд╕рд╛рди?  рдХреЛрдВрдЧреНрд░реЗрд╕ 7рдмрдЯрд╛рд▓рд┐рдпрди рдХреНрдпреЛ рдорд╛рдВрдЧ рд░рд╣реА рд╣реИ рдФрд░ рдЙрд╕реЗ рдХреЗрдВрджреНрд░ 15BрдХреНрдпреЛ рджреЗрдиреЗ рд╡рд╛рд▓реЗ рд╣реИ! рдЕрджрд┐рд╡рд╛рд╕реА рдУрдиреЗ рд╡реЛрдЯ рдХреЛрдВрдЧреНрд░реЗрд╕ рдХреЗ рдХрд┐рд╕ рд╡рд╛рджреЛ рдкрд░ рдХрд┐рдпрд╛ рдерд╛ @RahulGandhi @jayantrld @yadavakhilesh @pbhushan1  https://t.co/yROf5F5T1J,"['рдХрд┐рд╕рд╛рди', 'рдЕрджрд┐рд╡рд╛рд╕реАрдХрд┐рд╕рд╛рди']",933622354277646336,Chhotu_Vasava,Chhotubhai Vasava,https://twitter.com/Chhotu_Vasava/status/1307360134054604800,[],51,23,1
1,1307353966049505281,2020-09-19 21:50:49,рд╕реАрдорд╛ рдкрд░ #рдЬрд╡рд╛рди рджреЗрд╢ рдореЗрдВ #рдХрд┐рд╕рд╛рди рд░рд╛рдЬреНрдпреЛрдВ рдореЗрдВ #GST рд╢рд╣рд░реЛрдВ рдореЗрдВ #рд░реЛрдЬрд╝рдЧрд╛рд░  рдФрд░ рдЧрд╛рдБрд╡реЛ рдореЗрдВ #рдордЬрд╝рджреВрд░  @BJP4India рдиреЗ рд╕рдмрдХреЗ рд╕рд╛рде рдзреЛрдЦрд╛ рдХрд┐рдпрд╛ рд╣реИ  @HansrajMeena @NayakRagini @LambaAlka @Pawankhera @plpunia @IYC @nsui @srinivasiyc  @RahulGandhi @INCIndia,"['рдЬрд╡рд╛рди', 'рдХрд┐рд╕рд╛рди', 'gst', 'рд░реЛрдЬрд╝рдЧрд╛рд░', 'рдордЬрд╝рджреВрд░']",1249458391610576896,AijazDhebar,Aijaz Dhebar,https://twitter.com/AijazDhebar/status/1307353966049505281,[],6,2,0
2,1307298276442423298,2020-09-19 18:09:32,"рдлрд┐рд░ рдЦрд░реАрдж рдХреЗрдВрджреНрд░ рдЦреБрд▓реЗрдВрдЧреЗ, ""рдлрд┐рд░ рдкрд╛рдиреА рдмрд░рд╕реЗ рдХреНрдпрд╛ рд╣реЛрдпреЗ, рдЬрдм рдЦреЗрддреА рдЧрдИ рд╕реБрдЦрд╛рдпреЗ"", рдЬрдм #рдХрд┐рд╕рд╛рди рдХрд╛ рдзрд╛рди рд▓реВрдЯ рдЬрд╛рдпреЗрдЧрд╛ рдлрд┐рд░ рдЦрд░реАрдж рдХреЗрдВрджреНрд░ рдЦреБрд▓реЗрдВрдЧреЗ, рдЖрд╡рд╛рдЬ рдЙрдардиреА рдЪрд╛рд╣рд┐рдпреЗред @tsrawatbjp",['рдХрд┐рд╕рд╛рди'],2431635092,harishrawatcmuk,Harish Rawat,https://twitter.com/harishrawatcmuk/status/1307298276442423298,[],78,22,4
3,1307274485620301824,2020-09-19 16:35:00,рдкрдВрдЬрд╛рдм: рдХреГрд╖рд┐ рд╡рд┐рдзреЗрдпрдХреЛрдВ рдХреЗ рдЦрд╝рд┐рд▓рд╛рдлрд╝ рдореБрдХреНрддрд╕рд░ рдореЗрдВ рдЪрд▓ рд░рд╣реЗ рдкреНрд░рджрд░реНрд╢рди рдХреЗ рджреМрд░рд╛рди рдХрд┐рд╕рд╛рди рдиреЗ рдЦрд╝реБрджрдХреБрд╢реА рдХреА   https://t.co/Gav4cDz0cC  #Punjab #Muktsar #FarmBills #Farmers #Protest #Suicide #рдкрдВрдЬрд╛рдм #рдореБрдХреНрддрд╕рд░ #рдХреГрд╖рд┐рд╡рд┐рдзреЗрдпрдХ #рдХрд┐рд╕рд╛рди #рдкреНрд░рджрд░реНрд╢рди #рдЖрддреНрдорд╣рддреНрдпрд╛,"['punjab', 'muktsar', 'farmbills', 'farmers', 'protest', 'suicide', 'рдкрдВрдЬрд╛рдм', 'рдореБрдХреНрддрд╕рд░', 'рдХреГрд╖рд┐рд╡рд┐рдзреЗрдпрдХ', 'рдХрд┐рд╕рд╛рди', 'рдкреНрд░рджрд░реНрд╢рди', 'рдЖрддреНрдорд╣рддреНрдпрд╛']",817340591046414336,thewirehindi,рдж рд╡рд╛рдпрд░ рд╣рд┐рдВрджреА,https://twitter.com/thewirehindi/status/1307274485620301824,['http://thewirehindi.com/139935/protesting-against-new-farm-bills-farmer-dies-by-suicide-at-punjab-s-muktsar/'],199,56,5
4,1307247136929505280,2020-09-19 14:46:19,"рдЖрдЬ рдЧрд╛рдВрдзреА рдкрд╛рд░реНрдХ рджреЗрд╣рд░рд╛рджреВрди рдореЗрдВ #рдХрд┐рд╕рд╛рди рд╡ рд╕рд╛рдорд╛рдиреНрдп рдЙрдкрднреЛрдХреНрддрд╛ рд╡рд┐рд░реЛрдзреА 3 рдЕрдзреНрдпрд╛рджреЗрд╢реЛрдВ рдХреЛ #рдХреЗрдВрджреНрд░_рд╕рд░рдХрд╛рд░ рджреНрд╡рд╛рд░рд╛ рд╕рдВрд╕рдж рдореЗрдВ рдкрд╛рд░рд┐рдд рдХрд░рд╡рд╛рдпреЗ рдЬрд╛рдиреЗ рдХреЗ рдкреНрд░рдпрд╛рд╕реЛрдВ рдХреЗ рд╡рд┐рд░реЛрдз рдореЗрдВ ""#рдЙрдкрд╡рд╛рд╕/#рдореМрди_рд╡реНрд░рдд"" рдкрд░ рдкрдВрдЬрд╛рдм рдХрд╛рдВрдЧреНрд░реЗрд╕ рдкреНрд░рднрд╛рд░реА @harishrawatcmuk рдЬреА  рдмреИрдареЗред  #Kissanvirodhinarendramodi  https://t.co/19vBudYrVo","['рдХрд┐рд╕рд╛рди', 'рдХреЗрдВрджреНрд░_рд╕рд░рдХрд╛рд░', 'рдЙрдкрд╡рд╛рд╕', 'рдореМрди_рд╡реНрд░рдд', 'kissanvirodhinarendramodi']",912665150968098816,PunjabPMC,Punjab Pradesh Mahila Congress,https://twitter.com/PunjabPMC/status/1307247136929505280,[],33,9,3
5,1307231402279067649,2020-09-19 13:43:48,"рд╡рд┐рдбрдВрдмрдирд╛ рджреЗрдЦрд┐рдП !!! рдкрд╣рд▓реЗ #рдмреЗрд░реЛрдЬрдЧрд╛рд░ рднреНрд░рдорд┐рдд рд╣реБрдП рдФрд░ рдЕрдм #рдХрд┐рд╕рд╛рди рднреНрд░рдорд┐рдд рд╣реЛ рдЧрдП... рдЖрдЦрд┐рд░, рд░реЛрдЬрдЧрд╛рд░реЛрдВ рдХрд╛ рдХреМрди рд░реЛрдЬрдЧрд╛рд░ рдЫреАрди рдХрд░ рдмреЗрд░реЛрдЬрдЧрд╛рд░ рдХрд░ рд░рд╣рд╛ рд╣реИ рдФрд░ рдХреМрди рдХрд┐рд╕рд╛рдиреЛрдВ рдХреЛ рднреНрд░рдорд┐рдд рдХрд░ рд░рд╣рд╛ рд╣реИ ???  рдХреМрди рдХрд┐рд╕рд╛рдиреЛрдВ рд╕реЗ рдЭреВрда рдмреЛрд▓ рд░рд╣рд╛ рд╣реИ ???","['рдмреЗрд░реЛрдЬрдЧрд╛рд░', 'рдХрд┐рд╕рд╛рди']",949933915749396480,DrSushilKrGupta,Dr Sushil Gupta,https://twitter.com/DrSushilKrGupta/status/1307231402279067649,[],109,76,4
6,1307210738063364096,2020-09-19 12:21:41,рдХрд┐рд╕рд╛рди рдХрд╛ рдореБрджреНрджрд╛ рдЗрд╕рд▓рд┐рдП рдирд╣реА рджрдмреЗрдЧрд╛ рдХреНрдпреЛрдВрдХрд┐ рдХрд┐рд╕рд╛рди TV рдирд╣реА рджреЗрдЦрддрд╛ред рдпреЗ рд▓рд╛рд▓ рдорд┐рд░реНрдЪ рдЙрдирдХреА рдЖрдБрдЦреЛрдВ рдХреЗ рд▓рд┐рдП рд╣реИрдВ рдЬреЛ рдХрд┐рд╕рд╛рди рдХреА рдЖрдБрдЦ рдореЗрдВ рдзреВрд▓ рдЭреЛрдВрдХ рд░рд╣рд╛ рд╣реИред #рдХрд┐рд╕рд╛рди #рдХрд┐рд╕рд╛рди_рд╡рд┐рд░реЛрдзреА_рдЕрдзреНрдпрд╛рджреЗрд╢_рд╡рд╛рдкрд╕_рд▓реЛ  https://t.co/0lbxdpewsQ,"['рдХрд┐рд╕рд╛рди', 'рдХрд┐рд╕рд╛рди_рд╡рд┐рд░реЛрдзреА_рдЕрдзреНрдпрд╛рджреЗрд╢_рд╡рд╛рдкрд╕_рд▓реЛ']",443006491,DhillonVijay,Vijay Dhillon,https://twitter.com/DhillonVijay/status/1307210738063364096,[],10,1,0
7,1307208527555915776,2020-09-19 12:12:54,"рдХрд┐рд╕рд╛рди рднрд╛рдЗрдпреЛрдВ рдпрд╣рд╛рдВ рд╕рд░рд▓ рд╢рдмреНрджреЛрдВ рдореЗрдВ рд╕рдордЭрд┐рдП рдЙрди 3 рдХреГрд╖рд┐ рд╡рд┐рдзреЗрдпрдХреЛрдВ рдореЗрдВ рдХреНрдпрд╛ рд╣реИ, рдЬрд┐рдиреНрд╣реЗрдВ рдореЛрджреА рд╕рд░рдХрд╛рд░ рдХреГрд╖рд┐ рд╕реБрдзрд╛рд░ рдХрд╛ рдмрдбрд╝рд╛ рдХрджрдо рдмрддрд╛ рд░рд╣реА рдФрд░ рдХрд┐рд╕рд╛рди рд╡рд┐рд░реЛрдз рдХрд░ рд░рд╣реЗ #AgricultureBill #farmersbill #FarmBills #Farmers #commodity #рдХрд┐рд╕рд╛рди    https://t.co/ygmDCmqmeq","['agriculturebill', 'farmersbill', 'farmbills', 'farmers', 'commodity', 'рдХрд┐рд╕рд╛рди']",2473925244,AShukkla,Arvind Shukla,https://twitter.com/AShukkla/status/1307208527555915776,['https://www.gaonconnection.com/desh/understand-what-is-the-3-agriculture-ordinances-farm-bill-which-farmers-are-opposing-what-is-that-and-why-it-is-being-opposed-48094'],8,4,0
8,1307190181221466114,2020-09-19 11:00:00,рдЙрддреНрддрд░ рдкреНрд░рджреЗрд╢: рдХреНрдпреЛрдВ рдкрд░реЗрд╢рд╛рди рд╣реИрдВ рдкреВрд░реНрд╡рд╛рдВрдЪрд▓ рдХреЗ рдЧрдиреНрдирд╛ рдХрд┐рд╕рд╛рди  #UttarPradesh #Kushinagar #Gorakhpur #Sugarcane #Farmers #рдЙрддреНрддрд░рдкреНрд░рджреЗрд╢ #рдХреБрд╢реАрдирдЧрд░ #рдЧреЛрд░рдЦрдкреБрд░ #рдЧрдиреНрдирд╛ #рдХрд┐рд╕рд╛рди   https://t.co/25yWUf2qNS,"['uttarpradesh', 'kushinagar', 'gorakhpur', 'sugarcane', 'farmers', 'рдЙрддреНрддрд░рдкреНрд░рджреЗрд╢', 'рдХреБрд╢реАрдирдЧрд░', 'рдЧреЛрд░рдЦрдкреБрд░', 'рдЧрдиреНрдирд╛', 'рдХрд┐рд╕рд╛рди']",817340591046414336,thewirehindi,рдж рд╡рд╛рдпрд░ рд╣рд┐рдВрджреА,https://twitter.com/thewirehindi/status/1307190181221466114,['http://thewirehindi.com/139287/uttar-pradesh-sugarcane-farmers-kushinagar-gorakhpur/'],79,21,1
9,1307179715208175616,2020-09-19 10:18:24,@INCIndia #Congress рдпреЗ рдЖрдкрдХреЗ 2019 рдХреЗ рд▓реЛрдХрд╕рднрд╛ рдЪреБрдирд╛рд╡ рдХреЗ рдореИрдирд┐рдлреЗрд╕реНрдЯреЛ рдореЗрдВ рдерд╛ред рдЖрдЦрд┐рд░ рдЗрддрдирд╛ рджреЛрд╣рд░рд╛рдкрди рдХрд╣рд╛рдБ рд╕реЗ рд▓рд╛рддреЗ рд╣реИрдВред рд╕реЛрдЪрд╛ рдпрд╛рдж рджрд┐рд▓рд╛ рджреВрдВред  #JaiKisan #AtmnirbharKrishi  #рдХрд┐рд╕рд╛рди @BJP4India @narendramodi @JPNadda @nstomar @BJP4UP @myogiadityanath @swatantrabjp  https://t.co/64vhrNVrQz,"['congress', 'jaikisan', 'atmnirbharkrishi', 'рдХрд┐рд╕рд╛рди']",1268468150674358277,mppchaudhary,Pankaj Chaudhary,https://twitter.com/mppchaudhary/status/1307179715208175616,[],8,1,0
1,1307277003125481472,2020-09-19 16:45:00,рдХреГрд╖рд┐ рд╡рд┐рдзреЗрдпрдХ рдХреЗ рд╡рд┐рд░реЛрдз рдореЗрдВ рдбреАрдПрдордХреЗ рдиреЗ 21 рд╕рд┐рддрдВрдмрд░ рдХреЛ рдмреБрд▓рд╛рдИ рд╕рд░реНрд╡рджрд▓реАрдп рдмреИрдардХ #DMK #MonsoonSession2020 #Parliament #FarmBill #farmersbill   https://t.co/HkIR3o6rvP,"['dmk', 'monsoonsession2020', 'parliament', 'farmbill', 'farmersbill']",169018518,AmarUjalaNews,Amar Ujala,https://twitter.com/AmarUjalaNews/status/1307277003125481472,['https://www.amarujala.com/india-news/dmk-calls-for-an-all-party-meeting-on-21st-september-to-discuss-over-the-farm-bill-2020-issue'],48,6,0
2,1307257033410842625,2020-09-19 15:25:39,RSS' Farmers Union seeks scrutiny of farmers bill. #ITVideo  #FarmBill  https://t.co/DsrdUGQPDb,"['itvideo', 'farmbill']",19897138,IndiaToday,IndiaToday,https://twitter.com/IndiaToday/status/1307257033410842625,[],36,10,3
3,1307255702449082369,2020-09-19 15:20:21,RSS-affiliate Swadeshi Jagran Manch wants amendment to #FarmBill.  India Today's @Rahulshrivstv joins in for more.  #ITVideo  https://t.co/MKlYYmD2II,"['farmbill', 'itvideo']",19897138,IndiaToday,IndiaToday,https://twitter.com/IndiaToday/status/1307255702449082369,[],69,22,11
4,1307249756909961223,2020-09-19 14:56:44,New #farmbill 2020: Who is protesting &amp; why   #FarmBill2020 #Farmers #Agriculture  https://t.co/qiYqZFJsKA,"['farmbill', 'farmbill2020', 'farmers', 'agriculture']",141584822,ians_india,IANS,https://twitter.com/ians_india/status/1307249756909961223,[],5,2,0
5,1307235892021440513,2020-09-19 14:01:38,"PM Modi ""Distorted Congress Manifesto"": P Chidambaram On Farm Bills Row  https://t.co/i3RZ8jt4c4   #FarmBill  https://t.co/JAzMztBzI0",['farmbill'],37034483,ndtv,NDTV,https://twitter.com/ndtv/status/1307235892021440513,['https://www.ndtv.com/india-news/farm-bills-row-p-chidambaram-maliciously-distorted-congress-manifesto-chidambaram-on-farm-bills-row-2297916'],161,14,6
6,1307223968990912512,2020-09-19 13:14:15,Watch | Controversial #FarmBill to be tabled in Rajya Sabha tomorrow  NDTV's @arvindgunasekar reports from New Delhi  https://t.co/IJdxxepdUF,['farmbill'],37034483,ndtv,NDTV,https://twitter.com/ndtv/status/1307223968990912512,[],72,14,3
7,1307223029047373825,2020-09-19 13:10:31,Watch | Farmer's body calls for 'Rail Roko' protest in Punjab against the #FarmBill  NDTV's Mohammed Ghazali reports from Chandigarh  https://t.co/yguvADhu8v,['farmbill'],37034483,ndtv,NDTV,https://twitter.com/ndtv/status/1307223029047373825,[],213,33,11
8,1307196304997494784,2020-09-19 11:24:20,Bhartiya Kisan Sangh General Secretary said that the bill is tilted heavily towards the corporate and will complicate the lives of farmers further. #farmers #FarmBill #FarmBill2030 #NewFarmBill   https://t.co/yozxYM5dLG,"['farmers', 'farmbill', 'farmbill2030', 'newfarmbill']",19897138,IndiaToday,IndiaToday,https://twitter.com/IndiaToday/status/1307196304997494784,['https://www.indiatoday.in/india/story/rss-affiliate-bharatiya-kisan-sangh-general-secretary-badri-narayan-chaudhary-on-farm-bills-1723251-2020-09-19'],40,8,6
9,1307193986449158144,2020-09-19 11:15:07,BKS General Secretary Badri Narayan Chaudhary said that the bill is tilted heavily towards the corporate and will complicate the lives of farmers further. #Farmers #Farmbill #FarmBill2020   https://t.co/yozxYM5dLG,"['farmers', 'farmbill', 'farmbill2020']",19897138,IndiaToday,IndiaToday,https://twitter.com/IndiaToday/status/1307193986449158144,['https://www.indiatoday.in/india/story/rss-affiliate-bharatiya-kisan-sangh-general-secretary-badri-narayan-chaudhary-on-farm-bills-1723251-2020-09-19'],103,40,11
10,1307191439361814531,2020-09-19 11:05:00,Here's why the farmers are unhappy about the #Farmbill and the reason why the bill does not seem to have gone down well with the farmers and the opposition parties. #AgricultureBill   https://t.co/ulGpXM9i8r,"['farmbill', 'agriculturebill']",94761188,NewIndianXpress,The New Indian Express,https://twitter.com/NewIndianXpress/status/1307191439361814531,['https://www.newindianexpress.com/explainers/2020/sep/19/explainedwhat-are-the-new-agri-bills-are-and-why-farmers-are-unhappy-2198933.html'],36,15,5
11,1307178516207644673,2020-09-19 10:13:39,#HarsimratKaurBadal рдХрд╛ рдмреАрдЬреЗрдкреА рдХреЛ рд▓реЗрдХрд░ рдмрдбрд╝рд╛ рдмрдпрд╛рди   #BJP #SAD #FarmBill    https://t.co/xtq5yKeOeX,"['harsimratkaurbadal', 'bjp', 'sad', 'farmbill']",461841349,ZeeNews,Zee News,https://twitter.com/ZeeNews/status/1307178516207644673,['https://zeenews.india.com/hindi/india/states/sad-confused-on-the-question-of-withdrawal-from-nda/750379'],122,8,11
12,1307164450802204673,2020-09-19 09:17:45,Watch | Punjab Government to protest in every village against #FarmBill  NDTV's Mohammed Ghazali reports from Chandigarh  https://t.co/9IyOu2oBUV,['farmbill'],37034483,ndtv,NDTV,https://twitter.com/ndtv/status/1307164450802204673,[],124,26,4
13,1307147774509555713,2020-09-19 08:11:29,Watch | 'Farm Bill' to be introduced in the Rajya Sabha on Sunday   NDTV's @arvindgunasekar brings the latest   #FarmBill  https://t.co/q9NARdRZR1,['farmbill'],37034483,ndtv,NDTV,https://twitter.com/ndtv/status/1307147774509555713,[],83,7,7
0,1307454425599037448,2020-09-20 04:30:01,Efforts to fashion a temporary spending bill needed to avert a government shutdown at the end of the month ran aground Friday amid a fight over farm bailout funding that's a key priority of President Donald Trump and Capitol Hill Republicans.  https://t.co/IcNC3hdwrv,[],16744446,oanow,Opelika-Auburn News,https://twitter.com/oanow/status/1307454425599037448,['https://oanow.com/news/national/govt-and-politics/stopgap-bill-to-prevent-shutdown-held-up-over-farm-funding/article_5b3ce198-4d23-5ff4-9742-6cc3d164cc4e.html?utm_medium=social&utm_source=twitter_oanow'],0,1,0
6,1307391709614047233,2020-09-20 00:20:48,@RogerMarshallMD @BarbaraBollier @WIBWNews @KWCHMichael .@BarbaraBollier says she has a strong and long record for standing up for rural Ag. Goes to add rural KS needs infrastructure and healthcare  @RogerMarshallMD says he brings experience to the table to write a farm bill with putting in requests from Farm Bureau. #KSSen,['kssen'],29793167,KWCHShawn,Shawn Loging,https://twitter.com/KWCHShawn/status/1307391709614047233,[],1,0,1
7,1307391537538502656,2020-09-20 00:20:07,Farm Bills to be Tabled in Rajya Sabha Today; All You Need to Know #FarmBills #RajyaSabha #Parliament #MonsoonSession    https://t.co/ntB69k4K68,"['farmbills', 'rajyasabha', 'parliament', 'monsoonsession']",22793955,indiacom,India.com,https://twitter.com/indiacom/status/1307391537538502656,['https://www.india.com/news/india/farm-bills-to-be-tabled-in-rajya-sabha-today-oppn-puts-up-united-front-bjp-seeks-support-from-regional-parties-top-points-4146491/'],2,0,0
9,1307387740263190531,2020-09-20 00:05:02,"Why Is SAD Still With NDA, Asks Amarinder Singh Over Farm Bills  https://t.co/0FyEYY4OT4",[],96900937,ndtvfeed,NDTV News feed,https://twitter.com/ndtvfeed/status/1307387740263190531,['https://www.ndtv.com/india-news/why-is-sad-still-with-nda-asks-amarinder-singh-over-farm-bills-2298113'],5,2,0
10,1307387707404951552,2020-09-20 00:04:54,Opposition making false statements on farm bills: Haryana education minister  https://t.co/6jHFg8KyDc,[],1066972567943053312,HindustanTimes,Hindustan Times,https://twitter.com/HindustanTimes/status/1307387707404951552,['http://www.hindustantimes.com/cities/opposition-making-false-statements-on-farm-bills-haryana-education-minister/story-KueT84DNRMEi7ILfQ2ueGL.html'],0,0,0
11,1307386726168563721,2020-09-20 00:01:00,Efforts to fashion a temporary spending bill needed to avert a government shutdown at the end of the month ran aground Friday amid a fight over farm bailout funding.  https://t.co/whjV8kgJoi,[],17348525,StarTribune,Star Tribune,https://twitter.com/StarTribune/status/1307386726168563721,['http://strib.mn/3mB0P1O'],6,4,5
12,1307386475093340163,2020-09-20 00:00:00,"SAD 'at forefront' of protest against Modi govt over new farm bills, says Sukhbir Badal; demands withdrawal. | #FarmBillFight   https://t.co/4eNdTn1LcN",['farmbillfight'],240649814,TimesNow,TIMES NOW,https://twitter.com/TimesNow/status/1307386475093340163,['https://www.timesnownews.com/india/article/sad-at-forefront-of-protest-against-modi-govt-over-new-farm-bills-says-sukhbir-badal-demands-withdrawal/654969'],36,1,4
13,1307386474921418755,2020-09-20 00:00:00,Efforts to fashion a temporary spending bill needed to avert a government shutdown at the end of the month ran aground Friday amid a fight over farm bailout funding that's a key priority of President Donald Trump and Capitol Hill Republicans.  https://t.co/l7Eyofz1rl,[],41621505,CBS4Indy,CBS4 Indy,https://twitter.com/CBS4Indy/status/1307386474921418755,['https://bityl.co/3ZT2'],0,1,0
14,1307385648957980672,2020-09-19 23:56:43,Cong hits out at NDA over farm bills  https://t.co/33KvhuqK4d,[],1066972567943053312,HindustanTimes,Hindustan Times,https://twitter.com/HindustanTimes/status/1307385648957980672,['http://www.hindustantimes.com/india-news/cong-hits-out-at-nda-over-farm-bills/story-e1OSkxnqKX8XLoCE7YOVsO.html'],0,0,0
15,1307384773690621952,2020-09-19 23:53:14,"""Harsimrat's resignation Over Farm Bills Historic Stand"": Parkash Singh Badal  https://t.co/TVJQZf8WL3  https://t.co/zK9seZ5a1G",[],37034483,ndtv,NDTV,https://twitter.com/ndtv/status/1307384773690621952,['https://www.ndtv.com/india-news/harsimrats-resignation-over-farm-bills-historic-stand-parkash-singh-badal-2298112'],186,16,9
16,1307383957890064384,2020-09-19 23:50:00,TRS to oppose farm Bills in RS  https://t.co/SO2v3Ek6Hc,[],4767528991,TelanganaToday,Telangana Today,https://twitter.com/TelanganaToday/status/1307383957890064384,['https://telanganatoday.com/trs-to-oppose-farm-bills-in-rs'],0,1,0
17,1307379968494546945,2020-09-19 23:34:09,Stop Misleading People Over Farm Bills: Amarinder Singh To Akalis  https://t.co/xGCBH2l6Kd  https://t.co/wxRnANxnc0,[],37034483,ndtv,NDTV,https://twitter.com/ndtv/status/1307379968494546945,['https://www.ndtv.com/india-news/punjab-chief-minister-amarinder-singh-asks-shiromani-akali-dal-to-stop-misleading-people-over-farm-bills-2298099'],485,40,10
18,1307378928970072069,2020-09-19 23:30:01,Efforts to fashion a temporary spending bill needed to avert a government shutdown at the end of the month have run aground amid a fight over farm bailout funding thatтАЩs a key priority of President Donald Trump and Capitol Hill Republicans.  https://t.co/UrrgiFrigd,[],16440677,FOX59,FOX59 News,https://twitter.com/FOX59/status/1307378928970072069,['https://bityl.co/3ZSz'],0,1,1
1,1307232173850685440,2020-09-19 13:46:52,.@BJP4India issues a three line whip to all Rajya sabha MPs for tomorrow....Farm Ordinance Bills listed for tomorrow,[],104473820,payalmehta100,Payal Mehta/рккрк╛ркпрк▓ ркорлЗрк╣ркдрк╛/ рдкрд╛рдпрд▓ рдореЗрд╣рддрд╛/   ржкрж╛ржпрзЗрж▓ ржорзЗрж╣рждрж╛,https://twitter.com/payalmehta100/status/1307232173850685440,[],25,3,0
2,1307228050015150080,2020-09-19 13:30:28,CM @capt_amarinder should answer the meaning of this tweet!  And why is he opposing the Farm Ordinance now when all this while his party @INCIndia promised to bring these bills???  https://t.co/Zkhvaqug1y,[],1464627522,PSBrarOfficial,Parminder Singh Brar,https://twitter.com/PSBrarOfficial/status/1307228050015150080,[],195,60,5
